Date,Open,Close,Change,Quote,Low,High,Volume,Turnover,Rate
2009-12-15,5.29,5.29,-0.06,-1.12%,5.21,5.31,1310050,68934.09,4.65%
2009-12-14,5.47,5.35,-0.15,-2.73%,5.20,5.47,1307048,69096.05,4.64%
2009-12-11,5.68,5.50,-0.12,-2.14%,5.45,5.73,1049603,58460.27,3.73%
2009-12-10,5.62,5.62,0.06,1.08%,5.55,5.70,442081,24844.31,1.57%
2009-12-09,5.63,5.56,-0.15,-2.63%,5.51,5.69,401227,22493.89,1.42%
2009-12-08,5.82,5.71,-0.11,-1.89%,5.65,5.83,566194,32353.09,2.01%
2009-12-07,5.72,5.82,0.08,1.39%,5.68,5.84,724156,41827.21,2.57%
2009-12-04,5.65,5.74,0.07,1.23%,5.50,5.78,885702,50217.80,3.14%
2009-12-03,5.62,5.67,0.04,0.71%,5.49,5.73,706851,39627.51,2.51%
2009-12-02,5.63,5.63,0.01,0.18%,5.56,5.68,582213,32732.54,2.07%
2009-12-01,5.47,5.62,0.14,2.55%,5.37,5.64,576750,31972.65,2.05%
2009-11-30,5.35,5.48,0.18,3.40%,5.29,5.48,513630,27720.63,1.82%
2009-11-27,5.49,5.30,-0.31,-5.53%,5.29,5.55,517529,27904.54,1.84%
2009-11-26,5.92,5.61,-0.28,-4.75%,5.51,5.94,815539,46674.82,2.90%
2009-11-25,5.64,5.89,0.19,3.33%,5.46,5.90,989725,56456.71,3.51%
2009-11-24,5.65,5.70,0.08,1.42%,5.60,6.04,1481378,86269.62,5.26%
2009-11-23,5.59,5.62,0.05,0.90%,5.53,5.65,600127,33526.37,2.13%
2009-11-20,5.53,5.57,0.04,0.72%,5.44,5.62,557195,31007.16,1.98%
2009-11-19,5.44,5.53,0.11,2.03%,5.40,5.54,463720,25338.77,1.65%
2009-11-18,5.45,5.42,-0.02,-0.37%,5.36,5.48,373412,20195.27,1.33%
2009-11-17,5.49,5.44,0.01,0.18%,5.41,5.54,528185,28821.66,1.88%
2009-11-16,5.23,5.43,0.23,4.42%,5.22,5.45,877365,46899.43,3.12%
2009-11-13,5.19,5.20,-0.02,-0.38%,5.09,5.22,414083,21335.25,1.47%
2009-11-12,5.19,5.22,0.07,1.36%,5.15,5.27,451374,23521.04,1.60%
2009-11-11,5.22,5.15,-0.06,-1.15%,5.10,5.29,554857,28842.48,1.97%
2009-11-10,5.27,5.21,-0.02,-0.38%,5.19,5.31,637152,33457.26,2.26%
2009-11-09,5.17,5.23,0.08,1.55%,5.14,5.27,493698,25747.82,1.75%
2009-11-06,5.15,5.15,0.04,0.78%,5.13,5.25,554819,28738.54,1.97%
2009-11-05,5.07,5.11,0.03,0.59%,5.00,5.13,348962,17694.45,1.24%
2009-11-04,5.00,5.08,0.08,1.60%,4.96,5.12,356880,18032.66,1.27%
2009-11-03,4.92,5.00,0.10,2.04%,4.88,5.05,384612,19194.74,1.37%
2009-11-02,4.70,4.90,0.09,1.87%,4.66,4.91,273174,13104.88,0.97%
2009-10-30,4.88,4.81,0.02,0.42%,4.80,4.90,228793,11068.88,0.81%
2009-10-29,4.85,4.79,-0.15,-3.04%,4.78,4.86,205310,9900.67,0.73%
2009-10-28,4.95,4.94,-0.03,-0.60%,4.82,4.97,231514,11355.79,0.82%
2009-10-27,5.17,4.97,-0.24,-4.61%,4.96,5.17,342050,17277.93,1.21%
2009-10-26,5.15,5.21,0.07,1.36%,5.10,5.21,433087,22392.14,1.54%
2009-10-23,5.06,5.14,0.07,1.38%,5.06,5.24,394059,20273.12,1.40%
2009-10-22,5.12,5.07,-0.08,-1.55%,5.06,5.14,266959,13581.83,0.95%
2009-10-21,5.09,5.15,0.06,1.18%,5.03,5.23,530362,27202.39,1.88%
2009-10-20,5.09,5.09,0.00,0.00%,5.04,5.12,393533,19973.70,1.40%
2009-10-19,4.90,5.09,0.15,3.04%,4.88,5.11,555046,27927.88,1.97%
2009-10-16,4.96,4.94,-0.02,-0.40%,4.80,4.99,364094,17786.44,1.29%
2009-10-15,4.95,4.96,0.06,1.22%,4.89,5.06,487447,24248.51,1.73%
2009-10-14,4.90,4.90,0.00,0.00%,4.85,4.99,502599,24721.75,1.78%
2009-10-13,4.76,4.90,0.11,2.30%,4.73,4.91,432386,20936.53,1.54%
2009-10-12,4.89,4.79,-0.10,-2.04%,4.72,4.89,444585,21222.27,1.58%
2009-10-09,4.66,4.89,0.28,6.07%,4.66,4.94,318713,15254.15,1.13%
2009-09-30,4.57,4.61,0.06,1.32%,4.56,4.64,194541,8948.62,0.69%
2009-09-29,4.68,4.55,-0.14,-2.99%,4.45,4.72,314257,14305.18,1.12%
2009-09-28,4.90,4.69,-0.19,-3.89%,4.65,4.94,301411,14429.47,1.07%
2009-09-25,4.92,4.88,-0.03,-0.61%,4.83,4.95,259175,12693.87,0.92%
2009-09-24,4.95,4.91,-0.07,-1.41%,4.71,5.00,371731,18116.85,1.32%
2009-09-23,5.14,4.98,-0.16,-3.11%,4.93,5.18,487991,24412.02,1.73%
2009-09-22,5.46,5.14,-0.32,-5.86%,5.01,5.46,1101026,57125.52,3.91%
2009-09-16,5.60,5.46,-0.16,-2.85%,5.38,5.60,447969,24513.55,1.59%
2009-09-15,5.55,5.62,0.07,1.26%,5.48,5.74,661569,37059.41,2.35%
2009-09-14,5.49,5.55,0.06,1.09%,5.46,5.58,373936,20670.80,1.33%
2009-09-11,5.41,5.49,0.04,0.73%,5.30,5.54,408465,22265.65,1.45%
2009-09-10,5.55,5.45,-0.10,-1.80%,5.43,5.59,347446,19102.25,1.23%
2009-09-09,5.40,5.55,0.16,2.97%,5.28,5.58,440691,23989.08,1.56%
2009-09-08,5.30,5.39,0.06,1.13%,5.12,5.40,348967,18491.83,1.24%
2009-09-07,5.36,5.33,0.00,0.00%,5.29,5.48,183955,9908.31,0.65%
2009-09-04,5.35,5.33,-0.05,-0.93%,5.24,5.43,295465,15739.05,1.05%
2009-09-03,4.97,5.38,0.41,8.25%,4.96,5.47,456705,24058.96,1.62%
2009-09-02,4.90,4.97,0.07,1.43%,4.85,5.00,151247,7457.34,0.54%
2009-09-01,4.89,4.90,0.00,0.00%,4.82,5.00,189867,9332.65,0.67%
2009-08-31,5.30,4.90,-0.49,-9.09%,4.85,5.30,325800,16232.70,1.16%
2009-08-28,5.65,5.39,-0.28,-4.94%,5.30,5.70,316042,17116.28,1.12%
2009-08-27,5.67,5.67,-0.01,-0.18%,5.58,5.83,238413,13575.21,0.85%
2009-08-26,5.49,5.68,0.15,2.71%,5.39,5.79,193175,10888.16,0.69%
2009-08-25,5.71,5.53,-0.27,-4.66%,5.30,5.73,289831,15875.90,1.03%
2009-08-24,5.79,5.80,0.01,0.17%,5.60,5.87,240921,13871.46,0.86%
2009-08-21,5.65,5.79,0.17,3.02%,5.55,5.91,382819,22052.43,1.36%
2009-08-20,5.40,5.62,0.21,3.88%,5.36,5.67,341447,18940.38,1.21%
2009-08-19,5.88,5.41,-0.51,-8.61%,5.33,5.88,374067,20950.39,1.33%
2009-08-18,5.70,5.92,0.17,2.96%,5.65,6.09,427996,25117.88,1.52%
2009-08-17,6.28,5.75,-0.63,-9.87%,5.74,6.28,270218,16240.69,0.96%
2009-08-14,6.68,6.38,-0.31,-4.63%,6.26,6.72,296378,19236.45,1.05%
2009-08-13,6.60,6.69,0.08,1.21%,6.38,6.77,258670,17016.04,0.92%
2009-08-12,6.85,6.61,-0.24,-3.50%,6.53,6.86,339948,22818.60,1.21%
2009-08-11,6.86,6.85,0.02,0.29%,6.71,6.87,395649,26955.80,1.40%
2009-08-10,6.83,6.83,0.03,0.44%,6.64,6.90,442207,29948.04,1.57%
2009-08-07,7.13,6.80,-0.37,-5.16%,6.73,7.19,460316,32107.85,1.63%
2009-08-06,7.40,7.17,-0.33,-4.40%,7.05,7.42,313049,22517.85,1.11%
2009-08-05,7.71,7.50,-0.31,-3.97%,7.39,7.73,400261,29939.43,1.42%
2009-08-04,7.85,7.81,-0.03,-0.38%,7.75,8.03,626472,49415.18,2.22%
2009-08-03,7.45,7.84,0.39,5.23%,7.42,7.85,722019,55814.00,2.56%
2009-07-31,7.33,7.45,0.18,2.48%,7.12,7.55,621320,45503.90,2.21%
2009-07-30,7.10,7.27,0.14,1.96%,7.05,7.42,465782,33781.14,1.65%
2009-07-29,7.52,7.13,-0.41,-5.44%,6.83,7.70,976444,71458.77,3.47%
2009-07-28,7.13,7.54,0.41,5.75%,7.09,7.55,749662,55528.15,2.66%
2009-07-27,6.80,7.13,0.33,4.85%,6.80,7.14,556481,39353.72,1.98%
2009-07-24,6.82,6.80,-0.01,-0.15%,6.52,6.90,558361,37373.51,1.98%
2009-07-23,7.01,6.81,-0.18,-2.58%,6.75,7.03,481458,32916.98,1.71%
2009-07-22,6.98,6.99,0.00,0.00%,6.94,7.10,357790,25061.62,1.27%
2009-07-21,7.10,6.99,-0.10,-1.41%,6.96,7.25,548160,38936.93,1.95%
2009-07-20,6.80,7.09,0.31,4.57%,6.80,7.21,522304,36941.69,1.85%
2009-07-17,6.54,6.78,0.24,3.67%,6.51,6.82,623940,41892.23,2.22%
2009-07-16,6.60,6.54,-0.06,-0.91%,6.50,6.70,414130,27259.45,1.47%
2009-07-15,6.41,6.60,0.10,1.54%,6.41,6.79,1193790,78973.54,4.24%
2009-07-14,6.11,6.50,0.41,6.73%,6.05,6.52,902576,56833.01,3.20%
2009-07-13,6.11,6.09,-0.05,-0.81%,6.01,6.23,482993,29529.51,1.71%
2009-07-10,6.20,6.14,-0.02,-0.32%,6.12,6.29,622719,38538.91,2.21%
2009-07-09,5.94,6.16,0.22,3.70%,5.92,6.32,1176409,72808.23,4.18%
2009-07-08,5.85,5.94,0.04,0.68%,5.80,6.05,552768,32679.56,1.96%
2009-07-07,5.97,5.90,-0.03,-0.51%,5.87,6.12,1176569,70442.04,4.18%
2009-07-06,5.55,5.93,0.38,6.85%,5.51,6.06,1362101,79428.53,4.84%
2009-07-03,5.57,5.55,-0.07,-1.25%,5.50,5.59,615917,34147.39,2.19%
2009-07-02,5.66,5.62,-0.03,-0.53%,5.58,5.76,538185,30383.42,1.91%
2009-07-01,5.55,5.65,0.08,1.44%,5.50,5.71,613369,34526.30,2.18%
2009-06-30,5.79,5.57,-0.20,-3.47%,5.50,5.80,723558,40574.09,2.57%
2009-06-29,5.93,5.77,-0.04,-0.69%,5.70,5.93,637979,36855.86,2.27%
2009-06-25,5.84,5.81,-0.02,-0.34%,5.68,5.90,801066,46348.03,2.84%
2009-06-24,5.57,5.83,0.26,4.67%,5.57,6.00,1475769,86299.86,5.24%
2009-06-23,5.28,5.57,0.21,3.92%,5.25,5.67,1137460,62579.28,4.04%
2009-06-22,5.38,5.36,0.07,1.32%,5.28,5.46,746490,40261.54,2.65%
2009-06-19,5.30,5.29,0.07,1.34%,5.24,5.43,673125,35766.93,2.39%
2009-06-18,5.20,5.22,0.02,0.38%,5.14,5.26,339385,17673.77,1.21%
2009-06-17,5.15,5.20,0.02,0.39%,5.07,5.22,335565,17277.13,1.19%
2009-06-16,5.03,5.18,0.15,2.98%,5.00,5.34,591290,30669.98,2.10%
2009-06-15,5.03,5.03,0.02,0.40%,4.89,5.05,535401,26612.64,1.90%
2009-06-12,5.20,5.01,-0.21,-4.02%,4.98,5.21,599016,30413.86,2.13%
2009-06-11,5.35,5.22,-0.13,-2.43%,5.21,5.39,395714,20945.66,1.41%
2009-06-10,5.32,5.35,0.03,0.56%,5.25,5.41,734288,39078.80,2.61%
2009-06-09,5.33,5.32,-0.01,-0.19%,5.21,5.38,695838,36852.28,2.47%
2009-06-08,5.32,5.33,0.01,0.19%,5.23,5.42,435225,23135.75,1.55%
2009-06-05,5.39,5.32,-0.09,-1.66%,5.29,5.52,859026,46481.55,3.05%
2009-06-04,5.28,5.41,0.16,3.05%,5.23,5.52,1483279,80031.84,5.27%
2009-06-03,5.15,5.25,0.07,1.35%,5.05,5.28,830073,42735.78,2.95%
2009-06-02,5.27,5.18,0.00,0.00%,5.10,5.35,961010,50174.42,3.41%
2009-06-01,5.05,5.18,0.14,2.78%,4.99,5.20,783095,40060.80,2.78%
2009-05-27,4.97,5.04,0.13,2.65%,4.82,5.08,770063,38332.37,2.73%
2009-05-26,5.04,4.91,-0.12,-2.39%,4.82,5.08,641296,31515.16,2.28%
2009-05-25,5.05,5.03,-0.14,-2.71%,4.90,5.10,612652,30661.22,2.18%
2009-05-22,4.96,5.17,0.17,3.40%,4.90,5.28,1114649,57154.04,3.96%
2009-05-21,4.99,5.00,-0.04,-0.79%,4.87,5.09,692993,34414.98,2.46%
2009-05-20,5.10,5.04,-0.05,-0.98%,5.01,5.16,645579,32767.86,2.29%
2009-05-19,4.99,5.09,0.12,2.41%,4.91,5.22,1313506,66711.70,4.66%
2009-05-18,4.77,4.97,0.17,3.54%,4.65,5.01,958752,46575.63,3.40%
2009-05-15,4.85,4.80,-0.07,-1.44%,4.75,4.99,586899,28550.15,2.08%
2009-05-14,4.78,4.87,0.03,0.62%,4.70,4.88,618861,29516.97,2.20%
2009-05-13,4.79,4.84,0.05,1.04%,4.72,4.96,1491685,72518.08,5.30%
2009-05-12,4.42,4.79,0.35,7.88%,4.40,4.80,1432117,66691.31,5.08%
2009-05-11,4.60,4.44,-0.12,-2.63%,4.43,4.73,728290,33676.66,2.59%
2009-05-08,4.54,4.56,0.00,0.00%,4.48,4.58,501389,22727.63,1.78%
2009-05-07,4.60,4.56,0.02,0.44%,4.50,4.72,891136,41185.20,3.16%
2009-05-06,4.50,4.54,0.03,0.67%,4.46,4.60,636724,28844.52,2.26%
2009-05-05,4.45,4.51,0.11,2.50%,4.45,4.66,1087155,49346.32,4.17%
2009-05-04,4.21,4.40,0.22,5.26%,4.20,4.42,587687,25688.64,2.25%
2009-04-30,4.21,4.18,-0.01,-0.24%,4.15,4.23,411737,17232.48,1.58%
2009-04-29,4.12,4.19,0.11,2.70%,4.10,4.19,282601,11738.53,1.08%
2009-04-27,4.28,4.08,-0.21,-4.90%,4.05,4.30,417380,17288.19,1.60%
2009-04-24,4.34,4.29,-0.02,-0.46%,4.28,4.36,250022,10784.25,0.96%
2009-04-23,4.28,4.31,-0.01,-0.23%,4.25,4.35,335940,14437.16,1.29%
2009-04-22,4.48,4.32,-0.15,-3.36%,4.31,4.56,590260,26274.79,2.26%
2009-04-21,4.45,4.47,-0.04,-0.89%,4.40,4.53,504795,22522.48,1.94%
2009-04-20,4.43,4.51,0.07,1.58%,4.38,4.52,531855,23820.34,2.04%
2009-04-17,4.62,4.44,-0.23,-4.93%,4.41,4.64,709123,32002.33,2.72%
2009-04-16,4.50,4.67,0.13,2.86%,4.46,4.83,1446171,67031.19,5.54%
2009-04-15,4.35,4.54,0.18,4.13%,4.32,4.59,1163905,51811.94,4.46%
2009-04-14,4.36,4.36,-0.03,-0.68%,4.33,4.42,504096,22040.17,1.93%
2009-04-13,4.26,4.39,0.13,3.05%,4.24,4.45,840788,36581.64,3.22%
2009-04-10,4.24,4.26,0.04,0.95%,4.18,4.27,413473,17505.12,1.58%
2009-04-09,4.15,4.22,0.03,0.72%,4.14,4.23,327800,13741.52,1.26%
2009-04-08,4.26,4.19,-0.09,-2.10%,4.18,4.30,501221,21219.24,1.92%
2009-04-07,4.32,4.28,-0.03,-0.70%,4.22,4.34,373886,15995.44,1.43%
2009-04-03,4.43,4.31,-0.10,-2.27%,4.27,4.46,661273,28721.66,2.53%
2009-04-02,4.40,4.41,0.03,0.68%,4.37,4.48,938020,41324.82,3.60%
2009-04-01,4.35,4.38,0.01,0.23%,4.30,4.41,937569,40942.04,3.59%
2009-03-31,4.19,4.37,0.11,2.58%,4.09,4.41,577880,24188.28,2.22%
2009-03-30,4.36,4.26,-0.11,-2.52%,4.23,4.36,636828,27200.37,2.44%
2009-03-27,4.29,4.37,0.13,3.07%,4.20,4.46,1058034,46116.55,4.06%
2009-03-26,4.13,4.24,0.12,2.91%,4.13,4.25,318628,13363.91,1.22%
2009-03-25,4.26,4.12,-0.16,-3.74%,4.11,4.26,404952,16976.64,1.55%
2009-03-24,4.33,4.28,0.00,0.00%,4.23,4.36,566384,24312.47,2.17%
2009-03-23,4.27,4.28,0.04,0.94%,4.25,4.39,729378,31474.56,2.80%
2009-03-20,4.21,4.24,0.04,0.95%,4.16,4.30,676366,28672.97,2.59%
2009-03-19,4.14,4.20,0.06,1.45%,4.06,4.20,527129,21827.81,2.02%
2009-03-18,4.10,4.14,0.04,0.98%,4.09,4.22,536445,22387.49,2.06%
2009-03-17,4.02,4.10,0.11,2.76%,4.00,4.12,334365,13590.60,1.28%
2009-03-16,3.95,3.99,0.03,0.76%,3.92,4.00,134505,5338.51,0.52%
2009-03-13,4.06,3.96,-0.04,-1.00%,3.94,4.06,156399,6242.01,0.60%
2009-03-12,4.03,4.00,-0.03,-0.74%,3.92,4.03,204178,8103.64,0.78%
2009-03-11,4.06,4.03,0.04,1.00%,4.00,4.19,437481,17932.23,1.68%
2009-03-10,3.90,3.99,0.06,1.53%,3.86,3.99,208356,8182.16,0.80%
2009-03-09,4.12,3.93,-0.18,-4.38%,3.92,4.17,357298,14424.26,1.37%
2009-03-06,4.05,4.11,0.00,0.00%,4.01,4.12,331535,13465.35,1.27%
2009-03-05,4.20,4.11,-0.03,-0.72%,4.01,4.24,541429,22373.07,2.08%
2009-03-04,3.94,4.14,0.18,4.55%,3.92,4.18,459307,18731.92,1.76%
2009-03-03,3.88,3.96,0.01,0.25%,3.82,4.05,329979,12959.13,1.26%
2009-03-02,3.88,3.95,0.05,1.28%,3.84,3.97,257842,10130.51,0.99%
2009-02-27,4.00,3.90,-0.15,-3.70%,3.82,4.02,402650,15741.89,1.54%
2009-02-26,4.26,4.05,-0.21,-4.93%,3.95,4.30,426080,17802.66,1.63%
2009-02-25,4.32,4.26,-0.03,-0.70%,4.16,4.36,419434,17879.38,1.61%
2009-02-24,4.47,4.29,-0.25,-5.51%,4.28,4.48,667938,29203.25,2.56%
2009-02-23,4.50,4.54,-0.02,-0.44%,4.40,4.58,615295,27659.85,2.36%
2009-02-20,4.51,4.56,0.12,2.70%,4.39,4.57,595503,26666.29,2.28%
2009-02-19,4.32,4.44,0.18,4.23%,4.30,4.52,747806,32884.71,2.87%
2009-02-18,4.47,4.26,-0.34,-7.39%,4.24,4.55,758161,33298.98,2.91%
2009-02-17,4.88,4.60,-0.24,-4.96%,4.57,4.94,1361008,64675.65,5.22%
2009-02-16,4.46,4.84,0.44,10.00%,4.42,4.84,1326594,61235.28,5.09%
2009-02-13,4.23,4.40,0.15,3.53%,4.17,4.44,863794,37293.27,3.31%
2009-02-12,4.39,4.25,-0.12,-2.75%,4.10,4.44,839447,35451.82,3.22%
2009-02-11,4.39,4.37,-0.12,-2.67%,4.32,4.62,969604,43429.51,3.72%
2009-02-10,4.43,4.49,0.07,1.58%,4.27,4.50,828530,36473.62,3.18%
2009-02-09,4.15,4.42,0.30,7.28%,4.15,4.45,1029438,44011.49,3.95%
2009-02-06,4.02,4.12,0.11,2.74%,4.02,4.13,671198,27385.38,2.57%
2009-02-05,4.01,4.01,0.02,0.50%,3.96,4.20,1117874,45885.67,4.29%
2009-02-04,3.80,3.99,0.20,5.28%,3.79,4.05,777187,30432.53,2.98%
2009-02-03,3.74,3.79,0.05,1.34%,3.69,3.79,450292,16875.10,1.73%
2009-02-02,3.75,3.74,0.02,0.54%,3.70,3.76,218322,8135.04,0.84%
2009-01-23,3.69,3.72,0.02,0.54%,3.67,3.76,205208,7622.39,0.79%
2009-01-22,3.73,3.70,-0.01,-0.27%,3.67,3.74,170600,6302.83,0.65%
2009-01-21,3.70,3.71,-0.04,-1.07%,3.68,3.77,253801,9446.49,0.97%
2009-01-20,3.72,3.75,0.04,1.08%,3.70,3.82,309715,11603.78,1.19%
2009-01-19,3.69,3.71,0.03,0.82%,3.65,3.73,413800,15321.28,1.59%
2009-01-16,3.72,3.68,-0.02,-0.54%,3.65,3.75,582730,21531.60,2.23%
2009-01-15,3.74,3.70,-0.04,-1.07%,3.68,3.78,360118,13411.12,1.38%
2009-01-14,3.64,3.74,0.11,3.03%,3.64,3.75,529272,19611.06,2.03%
2009-01-13,3.59,3.63,0.04,1.11%,3.53,3.72,617194,22678.97,2.37%
2009-01-12,3.52,3.59,0.05,1.41%,3.50,3.64,418030,15008.11,1.60%
2009-01-09,3.44,3.54,0.10,2.91%,3.41,3.59,436408,15385.98,1.67%
2009-01-08,3.51,3.44,-0.15,-4.18%,3.39,3.55,507186,17604.24,1.94%
2009-01-07,3.58,3.59,-0.08,-2.18%,3.56,3.67,635764,22958.18,2.44%
2009-01-06,3.32,3.67,0.28,8.26%,3.29,3.73,1024817,36256.39,3.93%
2009-01-05,3.26,3.39,0.14,4.31%,3.25,3.41,549384,18432.47,2.11%
2008-12-31,3.33,3.25,-0.18,-5.25%,3.22,3.44,713969,23864.92,2.74%
2008-12-30,3.50,3.43,-0.33,-8.78%,3.40,3.76,1245688,43742.89,4.78%
2008-08-27,3.75,3.76,-0.02,-0.53%,3.70,3.83,81658,3068.28,0.31%
2008-08-26,3.85,3.78,-0.13,-3.32%,3.75,3.89,111997,4271.17,0.43%
2008-08-25,3.88,3.91,-0.01,-0.26%,3.85,3.95,72622,2841.65,0.28%
2008-08-22,3.94,3.92,-0.07,-1.75%,3.86,4.00,95354,3726.04,0.37%
2008-08-21,4.08,3.99,-0.21,-5.00%,3.98,4.16,177146,7181.51,0.68%
2008-08-20,3.85,4.20,0.30,7.69%,3.84,4.22,301243,12344.29,1.16%
2008-08-19,3.82,3.90,0.04,1.04%,3.82,3.97,109723,4283.60,0.42%
2008-08-18,4.07,3.86,-0.18,-4.46%,3.85,4.07,131024,5145.19,0.50%
2008-08-15,4.01,4.04,0.07,1.76%,3.98,4.10,152998,6195.32,0.59%
2008-08-14,4.00,3.97,-0.06,-1.49%,3.93,4.04,85450,3402.24,0.33%
2008-08-13,3.93,4.03,0.06,1.51%,3.83,4.09,178422,7036.90,0.68%
2008-08-12,3.87,3.97,0.10,2.58%,3.82,4.02,180491,7104.68,0.69%
2008-08-11,4.06,3.87,-0.17,-4.21%,3.80,4.08,203191,7994.52,0.78%
2008-08-08,4.30,4.04,-0.24,-5.61%,4.02,4.30,145511,6054.60,0.56%
2008-08-07,4.27,4.28,0.01,0.23%,4.23,4.32,99510,4256.32,0.38%
2008-08-06,4.26,4.27,0.03,0.71%,4.20,4.32,134217,5713.82,0.51%
2008-08-05,4.38,4.24,-0.09,-2.08%,4.20,4.38,174010,7389.33,0.67%
2008-08-04,4.44,4.33,-0.15,-3.35%,4.30,4.44,141713,6203.32,0.54%
2008-08-01,4.48,4.48,-0.01,-0.22%,4.37,4.51,259936,11510.17,1.00%
2008-07-31,4.59,4.49,-0.12,-2.60%,4.48,4.61,150686,6820.03,0.58%
2008-07-30,4.66,4.61,0.00,0.00%,4.55,4.68,171803,7910.09,0.66%
2008-07-29,4.70,4.61,-0.15,-3.15%,4.54,4.73,276288,12780.71,1.06%
2008-07-28,4.76,4.76,0.05,1.06%,4.73,4.82,164619,7842.60,0.63%
2008-07-25,4.75,4.71,-0.08,-1.67%,4.69,4.75,142176,6705.72,0.54%
2008-07-24,4.72,4.79,0.10,2.13%,4.67,4.81,244957,11642.91,0.94%
2008-07-23,4.72,4.69,-0.01,-0.21%,4.67,4.78,169151,7978.97,0.65%
2008-07-22,4.72,4.70,-0.04,-0.84%,4.66,4.76,184244,8665.49,0.71%
2008-07-21,4.60,4.74,0.11,2.38%,4.56,4.76,227867,10689.20,0.87%
2008-07-18,4.59,4.63,0.10,2.21%,4.45,4.66,163488,7459.62,0.63%
2008-07-17,4.60,4.53,-0.02,-0.44%,4.49,4.67,161141,7349.11,0.62%
2008-07-16,4.72,4.55,-0.20,-4.21%,4.50,4.72,211949,9706.82,0.81%
2008-07-15,4.92,4.75,-0.15,-3.06%,4.72,4.96,283082,13758.04,1.08%
2008-07-14,4.74,4.90,0.08,1.66%,4.72,4.92,225070,10827.41,0.86%
2008-07-11,4.88,4.82,-0.09,-1.83%,4.74,4.92,218316,10478.19,0.84%
2008-07-10,4.98,4.91,-0.14,-2.77%,4.91,5.04,269548,13389.42,1.03%
2008-07-09,4.92,5.05,0.19,3.91%,4.89,5.07,391176,19537.95,1.50%
2008-07-08,4.83,4.86,0.02,0.41%,4.75,4.92,238947,11546.97,0.92%
2008-07-07,4.60,4.84,0.28,6.14%,4.40,4.98,339993,16164.76,1.30%
2008-07-04,4.60,4.71,0.06,1.29%,4.60,4.74,170927,8003.15,0.66%
2008-07-03,4.47,4.65,0.13,2.88%,4.42,4.74,192063,8828.15,0.74%
2008-07-02,4.48,4.52,0.07,1.57%,4.41,4.54,138022,6190.68,0.53%
2008-07-01,4.62,4.45,-0.14,-3.05%,4.42,4.66,169194,7617.70,0.65%
2008-06-30,4.55,4.59,0.02,0.44%,4.50,4.68,118344,5419.14,0.45%
2008-06-27,4.70,4.57,-0.33,-6.73%,4.50,4.78,229265,10632.25,0.88%
2008-06-26,4.92,4.90,-0.05,-1.01%,4.78,4.97,296012,14434.96,1.14%
2008-06-25,4.74,4.95,0.20,4.21%,4.68,4.96,354153,17200.89,1.36%
2008-06-24,4.62,4.75,0.01,0.21%,4.58,4.80,221548,10398.41,0.85%
2008-06-23,4.75,4.74,-0.05,-1.04%,4.65,4.88,148306,7076.28,0.57%
2008-06-20,4.81,4.79,0.02,0.42%,4.52,4.99,294714,14171.33,1.13%
2008-06-19,5.19,4.77,-0.47,-8.97%,4.74,5.19,263248,13086.61,1.01%
2008-06-18,5.00,5.24,0.22,4.38%,4.90,5.28,285662,14633.49,1.10%
2008-06-17,5.20,5.02,-0.17,-3.28%,5.00,5.26,185875,9505.98,0.71%
2008-06-16,5.23,5.19,-0.04,-0.76%,5.09,5.32,208922,10852.92,0.80%
2008-06-13,5.42,5.23,-0.19,-3.51%,5.21,5.49,230264,12241.14,0.88%
2008-06-12,5.47,5.42,0.02,0.37%,5.20,5.65,584195,31917.58,2.24%
2008-06-11,5.27,5.40,0.13,2.47%,5.27,5.51,407738,22007.45,1.56%
2008-06-10,5.65,5.27,-0.58,-9.91%,5.27,5.65,362905,19612.49,1.39%
2008-06-06,5.85,5.85,0.04,0.69%,5.80,5.95,123615,7243.19,0.47%
2008-06-05,5.92,5.81,-0.12,-2.02%,5.67,5.94,201614,11734.48,0.77%
2008-06-04,6.11,5.93,-0.18,-2.95%,5.88,6.12,185907,11077.94,0.71%
2008-06-03,6.12,6.11,0.02,0.33%,6.06,6.19,113342,6922.28,0.43%
2008-06-02,6.06,6.09,0.02,0.33%,6.00,6.12,115400,7006.48,0.44%
2008-05-30,6.03,6.07,0.08,1.34%,5.99,6.12,134815,8150.38,0.52%
2008-05-29,6.22,5.99,-0.25,-4.01%,5.98,6.22,182327,11115.86,0.70%
2008-05-28,6.13,6.24,0.12,1.96%,6.02,6.30,165169,10235.27,0.63%
2008-05-27,6.03,6.12,0.08,1.32%,5.98,6.18,121129,7371.51,0.46%
2008-05-26,6.24,6.04,-0.25,-3.97%,5.98,6.24,234334,14248.50,0.90%
2008-05-23,6.37,6.29,-0.12,-1.87%,6.20,6.43,194395,12251.33,0.74%
2008-05-22,6.40,6.41,-0.04,-0.62%,6.28,6.59,277387,17782.12,1.06%
2008-05-21,6.35,6.45,0.04,0.62%,6.10,6.52,386045,24247.08,1.48%
2008-05-20,6.86,6.41,-0.45,-6.56%,6.39,6.98,282702,18926.16,1.08%
2008-05-19,6.96,6.86,-0.20,-2.83%,6.74,7.00,227670,15580.48,0.87%
2008-05-15,7.15,7.06,-0.05,-0.70%,7.05,7.25,460102,32935.96,1.76%
2008-05-14,7.10,7.11,0.09,1.28%,6.94,7.20,475723,33612.82,1.82%
2008-05-13,6.61,7.02,0.15,2.18%,6.61,7.18,577696,40575.38,2.21%
2008-05-12,6.57,6.87,0.15,2.23%,6.47,7.00,346040,23555.89,1.33%
2008-05-09,6.73,6.72,0.01,0.15%,6.58,6.93,407470,27530.69,1.56%
2008-05-08,6.47,6.71,0.16,2.44%,6.39,6.72,293653,19290.53,1.13%
2008-05-07,6.92,6.55,-0.37,-5.35%,6.54,6.97,371355,24973.48,1.42%
2008-05-06,7.00,6.92,-0.12,-1.70%,6.83,7.09,309343,21475.90,1.19%
2008-05-05,7.07,7.04,0.11,1.59%,6.93,7.07,392801,27516.82,1.51%
2008-04-30,6.70,6.93,0.24,3.59%,6.70,7.00,404726,27935.67,1.55%
2008-04-29,6.64,6.69,0.00,0.00%,6.60,6.79,215994,14490.38,0.86%
2008-04-28,6.79,6.69,-0.22,-3.18%,6.62,6.88,388760,26215.63,1.56%
2008-04-25,6.90,6.91,0.00,0.00%,6.71,7.27,717414,50236.50,0.00%
2008-04-24,6.81,6.91,0.63,10.03%,6.60,6.91,845631,57563.02,3.39%
2008-04-23,5.88,6.28,0.30,5.02%,5.80,6.35,378201,23234.23,1.52%
2008-04-22,5.55,5.98,0.34,6.03%,5.50,6.01,286492,16512.33,1.15%
2008-04-21,5.95,5.64,0.09,1.62%,5.56,6.00,338608,19407.90,1.36%
2008-04-18,5.85,5.55,-0.31,-5.29%,5.51,5.85,225605,12692.78,0.90%
2008-04-17,6.10,5.86,-0.22,-3.62%,5.76,6.19,230970,13742.20,0.92%
2008-04-16,6.31,6.08,-0.30,-4.70%,5.99,6.31,306560,18750.70,1.23%
2008-04-15,6.38,6.38,0.00,0.00%,6.00,6.46,429510,26553.77,1.72%
2008-04-14,7.00,6.38,-0.70,-9.89%,6.37,7.00,406339,26810.10,1.63%
2008-04-11,7.00,7.08,0.10,1.43%,6.90,7.20,163667,11520.68,0.66%
2008-04-10,6.77,6.98,0.11,1.60%,6.65,6.98,129400,8865.83,0.52%
2008-04-09,7.20,6.87,-0.36,-4.98%,6.86,7.39,270526,19394.54,1.08%
2008-04-08,7.12,7.23,0.06,0.84%,7.07,7.28,308245,22052.47,1.24%
2008-04-07,6.79,7.17,0.30,4.37%,6.68,7.26,304671,21537.31,1.22%
2008-04-03,6.70,6.87,0.16,2.38%,6.55,6.98,177261,12154.80,0.72%
2008-04-02,7.03,6.71,-0.24,-3.45%,6.58,7.18,247677,16927.97,1.00%
2008-04-01,7.62,6.95,-0.74,-9.62%,6.92,7.68,413554,29410.34,1.68%
2008-03-31,8.00,7.69,-0.63,-7.57%,7.68,8.10,234226,18441.54,0.95%
2008-03-28,8.00,8.32,0.13,1.59%,7.59,8.40,337068,27054.43,1.36%
2008-03-27,8.20,8.19,-0.23,-2.73%,8.00,8.40,251465,20543.46,1.02%
2008-03-26,8.58,8.42,-0.13,-1.52%,8.29,8.70,198973,16854.06,0.81%
2008-03-25,7.95,8.55,0.45,5.56%,7.90,8.68,351890,29411.08,1.42%
2008-03-24,8.90,8.10,-0.71,-8.06%,8.08,8.98,486529,41731.36,1.97%
2008-03-21,8.19,8.81,0.55,6.66%,8.13,8.99,764784,66032.67,3.10%
2008-03-20,7.85,8.26,0.32,4.03%,7.43,8.52,555559,44920.30,2.25%
2008-03-19,7.75,7.94,0.38,5.03%,7.56,8.05,435352,34220.11,1.76%
2008-03-18,7.43,7.56,0.00,0.00%,7.13,7.90,469533,35678.69,1.90%
2008-03-17,7.42,7.56,0.13,1.75%,6.99,7.90,428950,31838.53,1.74%
2008-03-14,7.55,7.43,-0.17,-2.24%,7.28,7.65,162139,12072.45,0.66%
2008-03-13,7.60,7.60,-0.11,-1.43%,7.48,7.75,189028,14321.51,0.77%
2008-03-12,8.18,7.71,-0.29,-3.62%,7.65,8.24,214214,16934.46,0.87%
2008-03-11,8.11,8.00,-0.16,-1.96%,7.79,8.11,282945,22403.24,1.15%
2008-03-10,8.59,8.16,-0.44,-5.12%,8.11,8.59,286441,23647.24,1.16%
2008-03-07,8.48,8.60,0.07,0.82%,8.35,8.64,279903,23792.82,1.13%
2008-03-06,8.59,8.53,-0.04,-0.47%,8.38,8.74,380161,32543.60,1.54%
2008-03-05,8.90,8.57,-0.32,-3.60%,8.33,9.00,476078,40983.21,1.93%
2008-03-04,9.28,8.89,-0.38,-4.10%,8.80,9.28,580758,52299.19,2.35%
2008-03-03,9.21,9.27,0.03,0.32%,8.97,9.37,388159,35547.18,1.57%
2008-02-29,9.25,9.24,-0.10,-1.07%,9.16,9.40,164307,15198.45,0.67%
2008-02-28,9.35,9.34,0.04,0.43%,9.18,9.50,241322,22578.89,0.98%
2008-02-27,9.39,9.30,-0.04,-0.43%,9.19,9.51,249421,23255.44,1.01%
2008-02-26,9.45,9.34,0.17,1.85%,9.00,9.55,256919,23775.48,1.04%
2008-02-25,9.10,9.17,0.09,0.99%,8.95,9.50,300999,27601.76,1.22%
2008-02-22,9.50,9.08,-0.49,-5.12%,8.95,9.50,327963,29992.38,1.33%
2008-02-21,9.46,9.57,0.14,1.48%,9.20,9.70,286888,27154.74,1.16%
2008-02-20,9.61,9.43,-0.15,-1.57%,9.39,9.89,410665,39539.02,1.66%
2008-02-19,9.25,9.58,0.37,4.02%,9.11,9.65,464702,44088.37,1.88%
2008-02-18,9.25,9.21,0.04,0.44%,8.96,9.35,295670,27285.15,1.20%
2008-02-15,9.30,9.17,-0.19,-2.03%,8.98,9.30,176487,16069.29,0.72%
2008-02-14,9.35,9.36,0.17,1.85%,9.25,9.50,196308,18406.03,0.80%
2008-02-13,9.25,9.19,-0.16,-1.71%,9.06,9.45,153977,14245.06,0.62%
2008-02-05,9.57,9.35,-0.23,-2.40%,9.23,9.66,347540,32855.91,1.41%
2008-02-04,9.05,9.58,0.75,8.49%,9.05,9.66,748298,70538.38,3.03%
2008-02-01,9.02,8.83,-0.24,-2.65%,8.18,9.20,339636,29605.95,1.38%
2008-01-31,9.27,9.07,-0.20,-2.16%,9.03,9.57,372267,34781.39,1.51%
2008-01-30,9.45,9.27,0.00,0.00%,9.01,9.56,227001,21175.78,0.92%
2008-01-29,9.19,9.27,0.05,0.54%,9.05,9.50,200038,18547.73,0.81%
2008-01-28,9.80,9.22,-0.73,-7.34%,9.03,9.89,394796,36797.83,1.60%
2008-01-25,9.90,9.95,-0.12,-1.19%,9.71,10.38,601395,60775.39,2.44%
2008-01-24,9.78,10.07,0.34,3.49%,9.40,10.14,859243,84487.10,3.48%
2008-01-23,9.18,9.73,0.78,8.72%,9.18,9.85,1052740,100857.44,4.26%
2008-01-22,9.50,8.95,-0.76,-7.83%,8.74,9.65,834541,76714.78,3.38%
2008-01-21,9.98,9.71,-0.26,-2.61%,9.51,10.05,512102,49946.22,2.07%
2008-01-18,10.13,9.97,-0.16,-1.58%,9.70,10.22,430043,42842.84,1.74%
2008-01-17,10.25,10.13,-0.28,-2.69%,9.56,10.50,857290,85783.64,3.47%
2008-01-16,10.78,10.41,-0.51,-4.67%,10.35,10.81,604463,63859.70,2.45%
2008-01-15,10.76,10.92,0.16,1.49%,10.48,11.00,785105,84613.48,3.18%
2008-01-14,10.18,10.76,0.64,6.32%,10.01,11.05,1072858,114336.94,4.35%
2008-01-11,10.21,10.12,-0.12,-1.17%,9.99,10.34,449547,45446.68,1.82%
2008-01-10,9.87,10.24,0.45,4.60%,9.87,10.56,1254358,129220.47,5.08%
2008-01-09,9.64,9.79,0.14,1.45%,9.58,9.85,618733,60111.95,2.51%
2008-01-08,9.90,9.65,-0.24,-2.43%,9.50,10.08,1070332,104955.02,4.34%
2008-01-07,9.39,9.89,0.40,4.22%,9.35,10.20,1477767,146240.55,5.99%
2008-01-04,9.60,9.49,0.27,2.93%,9.31,9.75,1833268,174236.56,7.43%
2008-01-03,8.38,9.22,0.84,10.02%,8.30,9.22,1167319,103596.66,4.73%
2008-01-02,8.12,8.38,0.27,3.33%,7.95,8.60,628283,51784.05,2.54%
2007-12-28,8.05,8.11,0.07,0.87%,7.96,8.20,484836,39221.41,1.96%
2007-12-27,7.81,8.04,0.22,2.81%,7.80,8.05,431526,34193.41,1.75%
2007-12-26,7.81,7.82,0.02,0.26%,7.74,7.93,278966,21848.09,1.13%
2007-12-25,7.75,7.80,0.08,1.04%,7.68,7.88,325411,25420.14,1.32%
2007-12-24,7.71,7.72,0.04,0.52%,7.60,7.78,361595,27846.94,1.46%
2007-12-21,7.59,7.68,0.07,0.92%,7.56,7.72,298422,22866.90,1.21%
2007-12-20,7.58,7.61,0.02,0.26%,7.54,7.66,224170,17050.15,0.91%
2007-12-19,7.47,7.59,0.15,2.02%,7.42,7.64,355642,26822.25,1.44%
2007-12-18,7.20,7.44,0.20,2.76%,7.16,7.48,159795,11743.46,0.65%
2007-12-17,7.44,7.24,-0.14,-1.90%,7.19,7.48,215697,15731.73,0.87%
2007-12-14,7.25,7.38,0.07,0.96%,7.18,7.40,156656,11404.68,0.64%
2007-12-13,7.60,7.31,-0.29,-3.82%,7.30,7.67,272962,20306.65,1.11%
2007-12-12,7.67,7.60,-0.09,-1.17%,7.54,7.75,210396,16058.65,0.85%
2007-12-11,7.70,7.69,0.04,0.52%,7.58,7.78,328205,25179.30,1.33%
2007-12-10,7.29,7.65,0.21,2.82%,7.26,7.70,333702,25200.27,1.35%
2007-12-07,7.40,7.44,0.06,0.81%,7.35,7.55,263021,19619.46,1.06%
2007-12-06,7.47,7.38,0.00,0.00%,7.31,7.49,231034,17079.21,0.94%
2007-12-05,7.16,7.38,0.25,3.51%,7.16,7.43,385428,28240.11,1.56%
2007-12-04,7.06,7.13,0.08,1.13%,7.06,7.25,146438,10495.63,0.59%
2007-12-03,6.99,7.05,0.10,1.44%,6.92,7.20,189425,13408.00,0.77%
2007-11-30,7.12,6.95,-0.17,-2.39%,6.93,7.12,144569,10105.44,0.59%
2007-11-29,7.05,7.12,0.10,1.42%,6.86,7.16,181600,12778.18,0.74%
2007-11-28,7.09,7.02,-0.02,-0.28%,7.00,7.14,89241,6294.99,0.36%
2007-11-27,7.03,7.04,-0.03,-0.42%,7.00,7.15,98157,6937.45,0.40%
2007-11-26,7.19,7.07,-0.07,-0.98%,7.05,7.30,108131,7763.87,0.44%
2007-11-23,6.97,7.14,0.12,1.71%,6.95,7.15,105176,7403.06,0.43%
2007-11-22,7.19,7.02,-0.27,-3.70%,6.96,7.24,141134,10005.53,0.57%
2007-11-21,7.53,7.29,-0.16,-2.15%,7.26,7.57,208032,15420.70,0.84%
2007-11-20,7.26,7.45,0.21,2.90%,7.17,7.51,267822,19819.61,1.08%
2007-11-19,7.16,7.24,0.17,2.40%,7.08,7.30,137315,9935.76,0.56%
2007-11-16,7.08,7.07,-0.06,-0.84%,6.95,7.12,131205,9190.41,0.53%
2007-11-15,7.25,7.13,-0.18,-2.46%,7.10,7.34,161166,11616.37,0.65%
2007-11-14,7.15,7.31,0.25,3.54%,7.06,7.36,216288,15597.43,0.88%
2007-11-13,7.00,7.06,0.10,1.44%,6.95,7.25,218747,15556.66,0.89%
2007-11-12,7.00,6.96,-0.12,-1.69%,6.64,7.08,242344,16612.91,0.98%
2007-11-09,7.13,7.08,-0.08,-1.12%,7.01,7.23,168746,11977.13,0.68%
2007-11-08,7.40,7.16,-0.26,-3.50%,7.15,7.40,205123,14853.47,0.83%
2007-11-07,7.60,7.42,-0.20,-2.62%,7.32,7.70,211415,15716.90,0.86%
2007-11-06,7.53,7.62,0.14,1.87%,7.45,7.83,284780,21978.25,1.15%
2007-11-05,7.36,7.48,0.09,1.22%,7.22,7.58,203310,15129.67,0.82%
2007-11-02,7.65,7.39,-0.42,-5.38%,7.33,7.75,433679,32409.32,1.76%
2007-11-01,8.15,7.81,-0.36,-4.41%,7.78,8.16,313089,24672.03,1.27%
2007-10-31,8.15,8.17,0.07,0.86%,8.00,8.28,336838,27415.52,1.36%
2007-10-30,8.09,8.10,-0.03,-0.37%,7.85,8.12,216118,17284.88,0.88%
2007-10-29,7.88,8.13,0.30,3.83%,7.70,8.15,247666,19546.04,1.00%
2007-10-26,7.79,7.83,0.06,0.77%,7.61,7.92,305490,23828.95,1.24%
2007-10-25,8.25,7.77,-0.50,-6.05%,7.60,8.25,436973,34282.79,1.77%
2007-10-24,8.40,8.27,-0.13,-1.55%,8.22,8.47,232834,19386.96,0.94%
2007-10-23,8.18,8.40,0.21,2.56%,8.08,8.40,295673,24248.00,1.20%
2007-10-22,8.43,8.19,-0.40,-4.66%,8.18,8.48,303354,25242.45,1.23%
2007-10-19,8.82,8.59,-0.16,-1.83%,8.40,8.99,392188,34137.99,1.59%
2007-10-18,9.00,8.75,-0.21,-2.34%,8.70,9.18,601473,53879.31,2.44%
2007-10-17,9.10,8.96,0.03,0.34%,8.93,9.20,700612,63525.08,2.84%
2007-10-16,9.00,8.93,-0.07,-0.78%,8.77,9.22,610739,54651.45,2.47%
2007-10-15,8.60,9.00,0.40,4.65%,8.23,9.06,910734,79727.16,3.69%
2007-10-12,8.81,8.60,-0.21,-2.38%,8.33,8.95,513256,44194.74,2.08%
2007-10-11,9.00,8.81,-0.21,-2.33%,8.77,9.01,400237,35366.07,1.62%
2007-10-10,8.90,9.02,0.12,1.35%,8.89,9.35,793350,72325.59,3.21%
2007-10-09,8.97,8.90,-0.07,-0.78%,8.64,8.97,381610,33597.90,1.55%
2007-10-08,9.15,8.97,0.09,1.01%,8.90,9.20,605897,54559.79,2.45%
2007-09-28,8.80,8.88,0.18,2.07%,8.75,8.98,582585,51522.55,2.36%
2007-09-27,8.54,8.70,0.12,1.40%,8.48,8.79,350657,30416.92,1.42%
2007-09-26,8.78,8.58,-0.25,-2.83%,8.33,8.90,533180,45954.77,2.16%
2007-09-25,9.25,8.83,-0.43,-4.64%,8.78,9.25,433917,38692.68,1.76%
2007-09-24,9.10,9.26,0.14,1.54%,8.75,9.30,676217,60814.88,2.74%
2007-09-21,9.30,9.12,-0.17,-1.83%,9.00,9.38,689706,62668.91,2.79%
2007-09-20,9.33,9.29,0.02,0.22%,9.20,9.50,549346,51236.23,2.22%
2007-09-19,9.70,9.27,-0.42,-4.33%,9.18,9.70,795485,74226.74,3.22%
2007-09-18,10.02,9.69,0.03,0.31%,9.52,10.13,2124152,209722.72,8.60%
2007-09-17,8.78,9.66,0.88,10.02%,8.72,9.66,2191807,205770.78,8.88%
2007-09-14,8.60,8.78,0.22,2.57%,8.47,8.98,1104029,96712.43,4.47%
2007-09-13,8.21,8.56,0.36,4.39%,8.10,8.68,863848,72687.12,3.50%
2007-09-12,8.00,8.20,0.16,1.99%,7.71,8.21,765805,61350.48,3.10%
2007-09-11,8.62,8.04,-0.58,-6.73%,8.00,8.80,710891,60453.86,2.88%
2007-09-10,8.55,8.62,-0.08,-0.92%,8.22,8.68,643155,54407.27,2.60%
2007-09-07,8.89,8.70,-0.19,-2.14%,8.63,8.98,756083,66460.83,3.06%
2007-09-06,8.86,8.89,0.20,2.30%,8.86,9.15,1114376,100275.91,4.51%
2007-09-05,8.60,8.69,0.05,0.58%,8.41,8.77,708670,60668.12,2.87%
2007-09-04,9.00,8.64,-0.30,-3.36%,8.58,9.05,982677,85863.70,3.98%
2007-09-03,8.57,8.94,0.50,5.92%,8.49,9.18,1813270,158803.31,7.34%
2007-08-31,8.10,8.44,0.35,4.33%,8.00,8.48,1268951,105350.52,5.14%
2007-08-30,7.95,8.09,0.16,2.02%,7.80,8.15,847057,67414.70,3.43%
2007-08-29,7.97,7.93,0.09,1.15%,7.86,8.23,1686402,136010.31,0.00%
2007-08-28,7.58,7.84,0.34,4.53%,7.40,7.85,1288579,99061.83,5.22%
2007-08-27,7.43,7.50,0.16,2.18%,7.39,7.66,764797,57413.03,3.10%
2007-08-24,7.34,7.34,0.01,0.14%,7.29,7.54,695870,51642.21,2.82%
2007-08-23,7.31,7.33,0.04,0.55%,7.28,7.44,482521,35345.92,1.95%
2007-08-22,7.26,7.29,-0.06,-0.82%,7.20,7.35,602098,43849.36,2.44%
2007-08-21,7.44,7.35,-0.04,-0.54%,7.29,7.50,991427,73370.81,4.02%
2007-08-20,7.03,7.39,0.52,7.57%,6.95,7.44,1492528,108076.83,6.04%
2007-08-17,6.94,6.87,-0.08,-1.15%,6.86,7.06,475294,32957.90,1.92%
2007-08-16,7.01,6.95,-0.19,-2.66%,6.85,7.02,648196,44914.72,2.62%
2007-08-15,7.23,7.14,-0.05,-0.70%,6.91,7.28,606405,43060.38,2.46%
2007-08-14,7.07,7.19,0.14,1.99%,7.05,7.28,846239,60914.50,3.43%
2007-08-13,6.96,7.05,0.16,2.32%,6.96,7.15,942728,66503.41,3.82%
2007-08-10,7.00,6.89,-0.11,-1.57%,6.70,7.01,525945,36116.46,2.13%
2007-08-09,6.91,7.00,0.09,1.30%,6.90,7.08,555459,38910.82,2.25%
2007-08-08,7.07,6.91,-0.20,-2.81%,6.79,7.07,582766,40371.44,2.36%
2007-08-07,7.01,7.11,0.17,2.45%,6.85,7.24,1146106,81087.02,4.64%
2007-08-06,6.78,6.94,0.27,4.05%,6.75,7.05,767990,53174.52,3.11%
2007-08-03,6.75,6.67,-0.04,-0.60%,6.59,6.78,631604,42043.23,2.56%
2007-08-02,6.58,6.71,0.15,2.29%,6.52,6.79,472847,31587.44,1.92%
2007-08-01,6.98,6.56,-0.40,-5.75%,6.52,7.04,775563,52405.46,3.14%
2007-07-31,6.98,6.96,-0.01,-0.14%,6.90,7.12,705790,49453.82,2.86%
2007-07-30,6.80,6.97,0.20,2.95%,6.80,7.07,953777,66618.62,3.86%
2007-07-27,6.62,6.77,0.15,2.27%,6.50,6.82,862651,57622.98,3.49%
2007-07-26,6.65,6.62,0.02,0.30%,6.52,6.67,634613,41800.10,2.57%
2007-07-25,6.51,6.60,0.09,1.38%,6.45,6.65,768803,50253.10,3.11%
2007-07-24,6.75,6.51,-0.11,-1.66%,6.50,6.85,1194754,80033.05,4.84%
2007-07-23,6.02,6.62,0.60,9.97%,5.99,6.62,1434393,92066.33,5.81%
2007-07-20,5.84,6.02,0.23,3.97%,5.83,6.02,703406,41786.23,2.85%
2007-07-19,5.75,5.79,0.03,0.52%,5.70,5.84,260475,15010.33,1.06%
2007-07-18,5.76,5.76,0.00,0.00%,5.64,5.86,293730,16843.12,1.19%
2007-07-17,5.68,5.76,0.07,1.23%,5.59,5.82,260443,14897.91,1.06%
2007-07-16,5.98,5.69,-0.27,-4.53%,5.63,5.99,314726,18167.76,1.28%
2007-07-13,6.02,5.96,-0.03,-0.50%,5.88,6.04,267244,15849.75,1.08%
2007-07-12,5.95,5.99,0.04,0.67%,5.86,6.05,245697,14647.27,1.00%
2007-07-11,5.82,5.95,0.06,1.02%,5.77,6.00,276344,16255.93,1.12%
2007-07-10,6.12,5.89,-0.23,-3.76%,5.85,6.12,384410,22887.16,1.56%
2007-07-09,6.10,6.12,0.03,0.49%,5.95,6.19,618857,37641.51,2.51%
2007-07-06,5.82,6.09,0.25,4.28%,5.48,6.10,769835,44633.83,3.12%
2007-07-05,6.25,5.84,-0.46,-7.30%,5.80,6.25,410056,24608.73,1.66%
2007-07-04,6.48,6.30,-0.17,-2.63%,6.28,6.50,284015,18033.08,1.15%
2007-07-03,6.52,6.47,0.00,0.00%,6.30,6.55,302180,19447.66,1.22%
2007-07-02,6.37,6.47,0.10,1.57%,6.22,6.52,345786,22055.20,1.40%
2007-06-29,6.39,6.37,-0.19,-2.90%,6.29,6.62,389374,24991.19,1.58%
2007-06-28,6.75,6.56,-0.16,-2.38%,6.49,7.04,674418,45848.85,2.73%
2007-06-27,6.74,6.72,-0.02,-0.30%,6.48,6.78,456068,30340.83,1.85%
2007-06-26,6.40,6.74,0.23,3.53%,6.35,6.75,450311,29362.38,1.82%
2007-06-25,6.88,6.51,-0.30,-4.41%,6.41,6.99,516503,34732.19,2.09%
2007-06-22,7.18,6.81,-0.34,-4.76%,6.61,7.18,554944,38487.40,2.25%
2007-06-21,7.30,7.25,-0.12,-1.63%,7.06,7.40,715830,51652.10,2.90%
2007-06-20,7.55,7.37,-0.16,-2.12%,7.35,7.65,795875,59853.39,3.22%
2007-06-19,7.47,7.53,0.07,0.94%,7.43,7.64,875096,65778.36,3.54%
2007-06-18,7.35,7.46,0.17,2.33%,7.33,7.48,707937,52341.88,2.87%
2007-06-15,7.34,7.29,-0.19,-2.54%,7.21,7.46,557605,40801.97,2.26%
2007-06-14,7.78,7.48,-0.29,-3.73%,7.47,7.78,663708,50287.12,2.69%
2007-06-13,7.60,7.77,0.22,2.91%,7.55,7.86,1227080,94588.76,4.97%
2007-06-12,7.35,7.55,0.21,2.86%,7.00,7.65,1067390,78665.91,4.32%
2007-06-11,7.36,7.34,0.01,0.14%,7.23,7.45,776505,56886.77,3.14%
2007-06-08,7.34,7.33,0.00,0.00%,7.20,7.53,825158,60487.05,3.34%
2007-06-07,7.24,7.33,0.09,1.24%,7.10,7.36,714011,51937.66,2.89%
2007-06-06,7.28,7.24,0.22,3.13%,7.05,7.45,1040702,75814.59,4.22%
2007-06-05,6.37,7.02,0.64,10.03%,6.31,7.02,1364760,91225.91,5.53%
2007-06-04,7.07,6.38,-0.61,-8.73%,6.32,7.24,1065516,71201.70,4.32%
2007-06-01,7.73,6.99,-0.74,-9.57%,6.97,7.80,1023793,75416.09,4.15%
2007-05-31,7.76,7.73,-0.19,-2.40%,7.13,8.00,1250650,93847.83,5.07%
2007-05-30,8.10,7.92,-0.88,-10.00%,7.92,8.63,1439486,118326.60,5.83%
2007-05-29,8.78,8.80,0.08,0.92%,8.66,8.89,1535999,134758.36,6.22%
2007-05-28,8.63,8.72,0.16,1.87%,8.63,8.79,1433839,124642.92,5.81%
2007-05-25,8.57,8.56,-0.03,-0.35%,8.40,8.65,984677,84048.80,3.99%
2007-05-24,8.81,8.59,-0.22,-2.50%,8.45,8.85,1066948,91813.39,4.32%
2007-05-23,8.84,8.81,0.01,0.11%,8.60,8.88,1215125,106267.79,4.92%
2007-05-22,8.64,8.80,0.27,3.17%,8.61,8.95,1853550,162422.62,7.51%
2007-05-21,8.04,8.53,0.11,1.31%,7.97,8.67,1291830,108987.25,5.23%
2007-05-18,8.58,8.42,-0.10,-1.17%,8.35,8.60,833982,70482.95,3.38%
2007-05-17,8.44,8.52,0.09,1.07%,8.35,8.63,841932,71622.04,3.41%
2007-05-16,8.34,8.43,0.06,0.72%,7.97,8.53,852878,70335.38,3.46%
2007-05-15,8.91,8.37,-0.54,-6.06%,8.32,8.93,1295186,111241.40,5.25%
2007-05-14,8.89,8.91,0.15,1.71%,8.65,9.20,1561212,140812.58,6.32%
2007-05-10,8.28,8.76,0.57,6.96%,8.28,9.00,2010921,173483.55,8.14%
2007-05-09,8.32,8.19,-0.11,-1.33%,7.90,8.36,1207490,98566.47,4.89%
2007-05-08,7.98,8.30,0.41,5.20%,7.98,8.42,1310623,107977.16,5.31%
2007-04-30,7.90,7.89,-0.03,-0.38%,7.74,8.03,912807,71824.20,3.70%
2007-04-27,8.16,7.92,-0.24,-2.94%,7.85,8.19,970798,77561.07,4.12%
2007-04-26,8.13,8.16,0.03,0.37%,8.04,8.23,795595,64691.27,3.38%
2007-04-25,8.16,8.13,-0.06,-0.73%,7.95,8.34,1164489,94696.69,4.94%
2007-04-23,7.81,8.21,0.52,6.76%,7.81,8.29,1995892,160227.08,8.47%
2007-04-20,7.28,7.69,0.53,7.40%,7.16,7.81,2410553,180000.64,10.23%
2007-04-19,7.43,7.16,-0.31,-4.15%,6.86,7.43,1859090,132728.06,7.89%
2007-04-18,7.20,7.47,0.31,4.33%,7.00,7.50,1884172,137560.41,8.00%
2007-04-17,7.21,7.16,-0.01,-0.14%,6.93,7.28,1230902,87435.34,5.22%
2007-04-16,7.01,7.17,0.15,2.14%,7.01,7.20,965698,68811.59,4.10%
2007-04-13,7.20,7.02,-0.19,-2.64%,6.98,7.21,1264588,89792.25,5.37%
2007-04-12,7.20,7.21,0.00,0.00%,7.06,7.25,1356009,96883.41,5.76%
2007-04-11,7.30,7.21,-0.05,-0.69%,7.03,7.50,2036258,148136.44,8.64%
2007-04-10,6.92,7.26,0.40,5.83%,6.86,7.28,2234627,158491.88,9.48%
2007-04-09,6.69,6.86,0.26,3.94%,6.66,6.90,1834161,124462.05,7.78%
2007-04-06,6.59,6.60,-0.04,-0.60%,6.53,6.70,1230674,81356.35,8.50%
2007-04-05,6.51,6.64,0.13,2.00%,6.45,6.67,1155488,76041.71,7.98%
2007-04-04,6.58,6.51,-0.06,-0.91%,6.43,6.61,1192164,77453.06,8.23%
2007-04-03,6.67,6.57,-0.05,-0.76%,6.51,6.73,1561603,103362.24,10.78%
2007-04-02,6.40,6.62,0.23,3.60%,6.37,6.68,1883338,123278.00,13.00%
2007-03-30,6.30,6.39,-0.23,-3.47%,6.30,6.48,1340408,85666.55,9.25%
2007-03-29,6.87,6.62,-0.19,-2.79%,6.59,6.95,695990,47113.93,4.80%
2007-03-28,6.62,6.81,0.29,4.45%,6.52,6.86,1421852,95640.60,9.82%
2007-03-27,6.58,6.52,-0.03,-0.46%,6.39,6.60,498936,32338.09,3.44%
2007-03-26,6.46,6.55,0.11,1.71%,6.42,6.55,527844,34307.85,3.64%
2007-03-23,6.27,6.44,0.17,2.71%,6.18,6.45,436708,27666.08,3.02%
2007-03-22,6.23,6.27,0.06,0.97%,6.20,6.35,344835,21633.04,2.38%
2007-03-21,6.27,6.21,-0.06,-0.96%,6.18,6.30,309142,19209.91,2.13%
2007-03-20,6.26,6.27,0.06,0.97%,6.14,6.37,247044,15465.33,1.70%
2007-03-19,6.00,6.21,-0.07,-1.11%,5.91,6.31,230677,14221.67,1.59%
2007-03-16,6.42,6.28,-0.07,-1.10%,6.21,6.52,348636,22333.10,2.41%
2007-03-15,6.29,6.35,-0.01,-0.16%,6.29,6.45,281199,17892.89,1.94%
2007-03-14,6.48,6.36,-0.21,-3.20%,6.24,6.51,356106,22801.18,2.46%
2007-03-13,6.65,6.57,-0.06,-0.90%,6.44,6.69,492097,32333.50,3.46%
2007-03-12,6.48,6.63,0.28,4.41%,6.38,6.66,705287,45830.23,4.96%
2007-03-09,6.30,6.35,0.05,0.79%,6.24,6.47,575265,36517.66,4.04%
2007-03-08,6.26,6.30,0.04,0.64%,6.15,6.33,256316,15976.61,1.80%
2007-03-07,6.21,6.26,0.12,1.95%,6.14,6.28,268325,16641.84,1.88%
2007-03-06,6.12,6.14,-0.02,-0.32%,6.01,6.30,283100,17519.08,1.99%
2007-03-05,6.27,6.16,-0.14,-2.22%,5.98,6.38,349516,21672.48,2.46%
2007-03-02,6.28,6.30,0.02,0.32%,6.12,6.48,348251,21953.72,2.45%
2007-03-01,6.55,6.28,-0.30,-4.56%,6.14,6.56,358519,22574.46,2.52%
2007-02-28,6.07,6.58,0.36,5.79%,5.96,6.70,503847,31906.03,3.54%
2007-02-27,6.87,6.22,-0.65,-9.46%,6.18,6.90,777142,49950.52,5.46%
2007-02-26,6.47,6.87,0.37,5.69%,6.30,6.99,458382,30516.55,3.22%
2007-02-16,6.05,6.50,0.40,6.56%,6.05,6.59,744604,47109.34,5.23%
2007-02-15,6.00,6.10,0.21,3.57%,5.96,6.14,625703,37901.46,4.40%
2007-02-14,5.71,5.89,0.22,3.88%,5.50,5.93,571091,32580.13,4.01%
2007-02-13,5.67,5.67,0.06,1.07%,5.50,5.75,350514,19709.98,2.46%
2007-02-12,5.50,5.61,0.20,3.70%,5.48,5.62,296365,16446.88,2.08%
2007-02-09,5.70,5.41,-0.27,-4.75%,5.31,5.75,484761,26336.05,3.40%
2007-02-08,5.60,5.68,0.08,1.43%,5.59,6.16,439028,25645.78,3.08%
2007-02-07,5.48,5.60,0.21,3.90%,5.48,5.73,447128,25066.39,3.14%
2007-02-06,5.00,5.39,0.49,10.00%,4.95,5.39,523542,27222.58,3.68%
2007-02-05,5.10,4.90,-0.25,-4.85%,4.82,5.28,318809,16213.29,2.24%
2007-02-02,5.60,5.15,-0.45,-8.04%,5.04,6.14,414711,21957.57,2.91%
2007-02-01,5.60,5.60,-0.09,-1.58%,5.35,5.79,291989,16205.43,2.05%
2007-01-31,6.11,5.69,-0.46,-7.48%,5.60,6.32,460445,27985.14,3.24%
2007-01-30,6.27,6.15,-0.12,-1.91%,5.84,6.30,401101,24410.12,2.82%
2007-01-29,6.07,6.27,0.10,1.62%,6.06,6.37,577290,35983.61,4.06%
2007-01-26,5.79,6.17,0.28,4.75%,5.35,6.26,534473,31147.19,3.76%
2007-01-25,6.10,5.89,-0.31,-5.00%,5.80,6.16,720249,43196.23,5.06%
2007-01-24,5.73,6.20,0.53,9.35%,5.65,6.24,1255555,76402.00,8.82%
2007-01-23,5.21,5.67,0.52,10.10%,5.12,5.67,1123938,61173.85,7.90%
2007-01-22,4.98,5.15,0.23,4.67%,4.98,5.16,462968,23558.41,3.25%
2007-01-19,4.84,4.92,0.08,1.65%,4.69,4.93,295842,14340.56,2.08%
2007-01-18,4.90,4.84,-0.06,-1.22%,4.65,4.95,367381,17573.21,2.58%
2007-01-17,5.18,4.90,-0.26,-5.04%,4.80,5.26,540071,27423.79,3.79%
2007-01-16,4.90,5.16,0.28,5.74%,4.85,5.17,567093,28613.06,3.98%
2007-01-15,4.65,4.88,0.18,3.83%,4.62,4.89,264902,12634.70,1.86%
2007-01-12,5.02,4.70,-0.35,-6.93%,4.63,5.04,434253,20994.10,3.05%
2007-01-11,5.25,5.05,-0.21,-3.99%,5.04,5.25,390291,20000.46,2.74%
2007-01-10,5.24,5.26,0.01,0.19%,5.14,5.32,572864,30016.59,4.02%
2007-01-09,4.80,5.25,0.47,9.83%,4.73,5.26,696159,35519.57,4.89%
2007-01-08,4.76,4.78,0.02,0.42%,4.64,4.84,319916,15136.49,2.25%
2007-01-05,4.61,4.76,0.15,3.25%,4.47,4.90,491382,23277.74,3.46%
2007-01-04,4.46,4.61,0.25,5.73%,4.44,4.80,867000,40235.20,6.10%
2006-12-29,4.33,4.36,0.01,0.23%,4.32,4.43,421619,18443.27,2.96%
2006-12-28,4.35,4.35,0.00,0.00%,4.27,4.43,358919,15547.12,2.52%
2006-12-27,4.24,4.35,0.11,2.59%,4.20,4.40,456898,19740.41,3.21%
2006-12-26,4.10,4.24,0.16,3.92%,4.08,4.25,460213,19212.24,3.24%
2006-12-25,4.04,4.08,0.04,0.99%,4.01,4.10,156226,6359.79,1.10%
2006-12-22,4.06,4.04,-0.04,-0.98%,4.00,4.10,134483,5426.54,0.95%
2006-12-21,4.15,4.08,-0.04,-0.97%,4.07,4.25,494210,20551.74,3.48%
2006-12-20,4.12,4.12,0.01,0.24%,3.99,4.15,265654,10800.58,1.87%
2006-12-19,4.07,4.11,0.04,0.98%,4.05,4.17,276799,11378.54,1.95%
2006-12-18,4.09,4.07,-0.01,-0.25%,4.05,4.13,171181,6983.19,1.20%
2006-12-15,4.15,4.08,-0.04,-0.97%,4.02,4.16,203646,8317.00,1.43%
2006-12-14,3.89,4.12,0.23,5.91%,3.86,4.12,277293,11140.30,1.95%
2006-12-13,3.94,3.89,-0.05,-1.27%,3.83,3.94,115921,4491.71,0.82%
2006-12-12,4.00,3.94,-0.02,-0.51%,3.86,4.01,128502,5025.25,0.90%
2006-12-11,3.84,3.96,0.09,2.33%,3.83,4.00,140255,5503.01,0.99%
2006-12-08,4.00,3.87,-0.18,-4.44%,3.84,4.02,214896,8419.52,1.51%
2006-12-07,4.03,4.05,0.02,0.50%,4.01,4.15,258964,10560.26,1.82%
2006-12-06,4.15,4.03,-0.12,-2.89%,3.95,4.25,231242,9419.64,1.63%
2006-12-05,4.20,4.15,-0.01,-0.24%,4.12,4.23,194080,8066.92,1.36%
2006-12-04,4.07,4.16,0.15,3.74%,4.07,4.21,276600,11466.30,1.94%
2006-12-01,4.07,4.01,-0.06,-1.47%,4.00,4.12,164227,6669.45,1.16%
2006-11-30,4.00,4.07,0.08,2.00%,3.99,4.10,219875,8925.36,1.55%
2006-11-29,3.97,3.99,0.00,0.00%,3.88,4.04,131310,5201.47,0.92%
2006-11-28,4.01,3.99,-0.01,-0.25%,3.94,4.05,127083,5056.19,0.89%
2006-11-27,4.00,4.00,0.03,0.76%,3.99,4.06,200616,8050.23,1.41%
2006-11-24,3.90,3.97,0.10,2.58%,3.87,3.99,233318,9204.68,1.64%
2006-11-23,3.80,3.87,0.05,1.31%,3.76,3.90,126317,4857.93,0.89%
2006-11-22,3.77,3.82,0.05,1.33%,3.72,3.88,139400,5310.78,0.98%
2006-11-21,3.78,3.77,-0.01,-0.26%,3.69,3.79,152382,5691.45,1.07%
2006-11-20,3.77,3.78,0.02,0.53%,3.71,3.84,150048,5654.46,1.06%
2006-11-17,3.70,3.76,0.03,0.80%,3.65,3.79,82768,3086.49,0.58%
2006-11-16,3.83,3.73,-0.11,-2.86%,3.72,3.94,168780,6470.36,1.19%
2006-11-15,3.70,3.84,0.14,3.78%,3.63,3.91,154153,5828.26,1.08%
2006-11-14,3.75,3.70,-0.05,-1.33%,3.55,3.75,192257,7012.36,1.35%
2006-11-13,3.97,3.75,-0.20,-5.06%,3.69,3.97,182791,6924.59,1.28%
2006-11-10,4.18,3.95,-0.18,-4.36%,3.89,4.18,270645,10868.36,1.90%
2006-11-09,3.92,4.13,0.18,4.56%,3.92,4.35,398137,16546.57,2.80%
2006-11-08,4.11,3.95,-0.17,-4.13%,3.91,4.11,191696,7662.68,1.35%
2006-11-07,4.29,4.12,-0.19,-4.41%,4.10,4.29,249066,10346.76,1.75%
2006-11-06,4.15,4.31,0.15,3.61%,4.04,4.35,495045,20679.10,3.48%
2006-11-03,4.17,4.16,0.07,1.71%,4.10,4.34,565710,23931.15,3.98%
2006-11-02,3.98,4.09,0.14,3.54%,3.85,4.10,396116,15865.87,2.78%
2006-11-01,4.05,3.95,-0.10,-2.47%,3.90,4.11,254390,10096.56,1.79%
2006-10-31,3.94,4.05,0.09,2.27%,3.88,4.11,426349,17100.71,3.00%
2006-10-30,3.91,3.96,0.09,2.33%,3.83,3.99,345852,13569.70,2.43%
2006-10-27,3.86,3.87,-0.01,-0.26%,3.80,3.95,167863,6519.63,1.18%
2006-10-26,3.84,3.88,0.03,0.78%,3.77,3.91,116059,4467.95,0.82%
2006-10-25,3.81,3.85,0.07,1.85%,3.75,3.96,535264,20704.70,3.76%
2006-10-24,3.67,3.78,0.13,3.56%,3.67,3.80,229999,8643.12,1.62%
2006-10-23,3.62,3.65,0.02,0.55%,3.59,3.73,143354,5253.70,1.01%
2006-10-20,3.65,3.63,-0.02,-0.55%,3.60,3.67,59811,2174.70,0.42%
2006-10-19,3.64,3.65,0.01,0.27%,3.62,3.67,87384,3181.10,0.61%
2006-10-18,3.61,3.64,0.02,0.55%,3.61,3.66,52877,1923.05,0.37%
2006-10-17,3.64,3.62,-0.02,-0.55%,3.61,3.65,50608,1834.40,0.36%
2006-10-16,3.73,3.64,-0.05,-1.36%,3.64,3.75,91542,3383.99,0.64%
2006-10-13,3.80,3.69,-0.09,-2.38%,3.67,3.80,109346,4065.74,0.77%
2006-10-12,3.66,3.78,0.13,3.56%,3.66,3.88,268430,10084.30,1.89%
2006-10-11,3.58,3.65,0.06,1.67%,3.56,3.65,91153,3284.22,0.64%
2006-10-10,3.60,3.59,-0.01,-0.28%,3.56,3.62,56251,2019.40,0.40%
2006-10-09,3.54,3.60,0.06,1.69%,3.53,3.61,69791,2501.39,0.49%
2006-09-29,3.56,3.54,-0.02,-0.56%,3.52,3.59,43909,1555.75,0.31%
2006-09-28,3.58,3.56,-0.03,-0.84%,3.55,3.59,20428,728.86,0.14%
2006-09-27,3.59,3.59,0.00,0.00%,3.54,3.60,36324,1299.54,0.26%
2006-09-26,3.51,3.59,0.07,1.99%,3.50,3.60,83141,2963.95,0.58%
2006-09-25,3.51,3.52,0.00,0.00%,3.48,3.59,63421,2237.88,0.45%
2006-09-22,3.57,3.52,-0.05,-1.40%,3.51,3.59,64330,2284.49,0.45%
2006-09-21,3.57,3.57,-0.01,-0.28%,3.55,3.62,58501,2099.30,0.41%
2006-09-20,3.58,3.58,-0.01,-0.28%,3.54,3.59,37917,1352.44,0.27%
2006-09-19,3.65,3.59,-0.05,-1.37%,3.57,3.66,56786,2046.10,0.40%
2006-09-18,3.65,3.64,0.03,0.83%,3.63,3.70,77488,2834.48,0.54%
2006-09-15,3.55,3.61,0.03,0.84%,3.51,3.63,108109,3871.94,0.76%
2006-09-14,3.60,3.58,-0.02,-0.56%,3.50,3.64,74165,2640.22,0.52%
2006-09-13,3.63,3.60,-0.01,-0.28%,3.57,3.69,109799,3987.79,0.77%
2006-09-12,3.52,3.61,0.10,2.85%,3.49,3.68,96212,3446.16,0.68%
2006-09-11,3.52,3.51,-0.01,-0.28%,3.40,3.54,78974,2736.16,0.56%
2006-09-07,3.70,3.52,-0.16,-4.35%,3.50,3.70,124842,4429.32,0.88%
2006-09-06,3.72,3.68,-0.04,-1.08%,3.65,3.78,71097,2637.74,0.50%
2006-09-05,3.72,3.72,0.00,0.00%,3.61,3.77,86030,3166.54,0.60%
2006-09-04,3.69,3.72,0.02,0.54%,3.66,3.73,84479,3124.75,0.59%
2006-09-01,3.60,3.70,0.10,2.78%,3.54,3.75,190411,6893.83,1.34%
2006-08-31,3.53,3.60,0.06,1.69%,3.51,3.61,84678,3026.68,0.60%
2006-08-30,3.52,3.54,0.00,0.00%,3.51,3.56,44239,1561.26,0.31%
2006-08-29,3.58,3.54,-0.04,-1.12%,3.52,3.60,44393,1581.83,0.31%
2006-08-28,3.56,3.58,0.02,0.56%,3.54,3.59,40749,1454.62,0.29%
2006-08-25,3.53,3.56,0.04,1.14%,3.49,3.57,62820,2220.07,0.44%
2006-08-24,3.46,3.52,0.04,1.15%,3.45,3.55,93965,3305.44,0.66%
2006-08-23,3.50,3.48,-0.02,-0.57%,3.45,3.51,47378,1649.95,0.33%
2006-08-22,3.48,3.50,0.01,0.29%,3.46,3.52,40301,1408.60,0.28%
2006-08-21,3.42,3.49,-0.02,-0.57%,3.38,3.51,37964,1319.01,0.27%
2006-08-18,3.49,3.51,0.01,0.29%,3.45,3.51,50532,1764.80,0.36%
2006-08-17,3.51,3.50,0.00,0.00%,3.41,3.51,42488,1474.29,0.30%
2006-08-16,3.51,3.50,-0.01,-0.28%,3.46,3.52,114562,4003.06,0.80%
2006-08-15,3.40,3.51,0.11,3.24%,3.39,3.53,100591,3502.79,0.71%
2006-08-14,3.49,3.40,-0.09,-2.58%,3.37,3.50,45486,1552.03,0.32%
2006-08-11,3.45,3.49,0.04,1.16%,3.38,3.50,81161,2795.71,0.57%
2006-08-10,3.31,3.45,0.13,3.92%,3.30,3.50,89491,3057.58,0.63%
2006-08-09,3.29,3.32,0.04,1.22%,3.24,3.39,53116,1766.76,0.37%
2006-08-08,3.15,3.28,0.10,3.14%,3.15,3.32,45218,1460.29,0.32%
2006-08-07,3.31,3.18,-0.15,-4.50%,3.10,3.36,187017,6040.50,1.32%
2006-08-04,3.45,3.33,-0.12,-3.48%,3.32,3.46,69512,2363.48,0.49%
2006-08-03,3.52,3.45,-0.06,-1.71%,3.43,3.53,55704,1935.98,0.39%
2006-08-02,3.46,3.51,0.04,1.15%,3.40,3.54,134423,4681.97,0.94%
2006-08-01,3.42,3.47,0.05,1.46%,3.38,3.51,137933,4777.44,0.97%
2006-07-31,3.45,3.42,-0.03,-0.87%,3.39,3.51,96340,3314.07,0.68%
2006-07-28,3.47,3.45,-0.03,-0.86%,3.41,3.53,91551,3174.57,0.64%
2006-07-27,3.55,3.48,-0.07,-1.97%,3.45,3.55,109787,3828.42,0.77%
2006-07-26,3.58,3.55,-0.01,-0.28%,3.51,3.60,86246,3058.60,0.61%
2006-07-25,3.48,3.56,0.08,2.30%,3.45,3.57,105893,3731.52,0.74%
2006-07-24,3.45,3.48,-0.01,-0.29%,3.40,3.50,61076,2095.59,0.43%
2006-07-21,3.40,3.49,0.07,2.05%,3.39,3.56,87274,3031.81,0.61%
2006-07-20,3.43,3.42,-0.02,-0.58%,3.41,3.47,56560,1946.36,0.40%
2006-07-19,3.53,3.44,-0.10,-2.82%,3.41,3.53,73755,2548.08,0.52%
2006-07-18,3.52,3.54,0.01,0.28%,3.48,3.54,55095,1933.09,0.39%
2006-07-17,3.44,3.53,0.06,1.73%,3.38,3.55,114145,3973.98,0.80%
2006-07-14,3.48,3.47,-0.02,-0.57%,3.40,3.52,94543,3283.92,0.66%
2006-07-13,3.68,3.49,-0.21,-5.68%,3.49,3.69,221507,7940.21,1.56%
2006-07-12,3.75,3.70,-0.05,-1.33%,3.68,3.76,105518,3914.92,0.74%
2006-07-11,3.75,3.75,0.04,1.08%,3.73,3.78,230594,8654.16,1.62%
2006-07-10,3.69,3.71,0.02,0.54%,3.67,3.73,155151,5744.29,1.09%
2006-07-07,3.74,3.69,-0.05,-1.34%,3.64,3.75,157702,5825.54,1.11%
2006-07-06,3.69,3.74,0.04,1.08%,3.69,3.75,109877,4088.35,0.77%
2006-07-05,3.82,3.70,-0.12,-3.14%,3.67,3.82,138997,5162.51,0.98%
2006-07-04,3.93,3.82,-0.12,-3.05%,3.77,3.94,171264,6600.69,1.23%
2006-07-03,3.94,3.94,0.01,0.25%,3.86,3.96,152600,5977.26,1.09%
2006-06-30,3.88,3.93,0.05,1.29%,3.80,3.97,313156,12159.18,2.24%
2006-06-29,3.74,3.88,0.14,3.74%,3.74,3.89,264417,10143.97,1.89%
2006-06-28,3.66,3.74,0.10,2.75%,3.63,3.76,168578,6227.51,1.21%
2006-06-27,3.78,3.74,-0.04,-1.06%,3.69,3.79,124424,4642.44,0.89%
2006-06-26,3.73,3.78,0.05,1.34%,3.69,3.80,152579,5710.55,1.09%
2006-06-23,3.78,3.73,-0.06,-1.58%,3.69,3.78,175864,6539.54,1.26%
2006-06-22,3.91,3.79,-0.10,-2.57%,3.77,3.91,295379,11267.54,2.12%
2006-06-21,3.75,3.89,0.10,2.64%,3.72,3.96,307867,11798.48,2.21%
2006-06-20,3.85,3.79,-0.04,-1.04%,3.75,3.85,166574,6319.34,1.19%
2006-06-19,3.77,3.83,0.02,0.52%,3.65,3.91,309838,11709.98,2.22%
2006-06-16,3.74,3.81,0.09,2.42%,3.70,3.83,323092,12145.93,2.32%
2006-06-15,3.66,3.72,0.02,0.54%,3.61,3.76,236890,8759.47,1.70%
2006-06-14,3.85,3.70,-0.18,-4.64%,3.59,3.85,308423,11366.90,2.21%
2006-06-13,4.10,3.88,-0.22,-5.37%,3.82,4.10,201730,7964.21,1.44%
2006-06-12,4.05,4.10,0.07,1.74%,3.95,4.17,243276,9888.06,1.74%
2006-06-09,3.99,4.03,-0.02,-0.49%,3.92,4.24,360959,14736.76,2.59%
2006-06-08,4.07,4.05,-0.07,-1.70%,3.81,4.14,421833,16908.37,3.02%
2006-06-07,4.55,4.12,-0.46,-10.04%,4.12,4.55,462564,19785.07,3.31%
2006-06-06,4.38,4.58,0.16,3.62%,4.20,4.59,651721,28659.21,4.67%
2006-06-05,4.85,4.42,-0.21,-4.54%,4.17,4.90,770938,33761.88,5.52%
2006-06-02,5.34,4.63,-0.22,-4.54%,4.56,5.34,899055,45292.14,6.44%
2006-06-01,4.53,4.85,0.35,7.78%,4.35,4.95,707722,33705.74,5.07%
2006-05-31,4.07,4.50,0.41,10.02%,3.96,4.50,746213,32457.20,5.35%
2006-05-30,4.17,4.09,0.17,4.34%,3.97,4.24,653757,26904.77,4.68%
2006-05-29,3.60,3.92,0.36,10.11%,3.59,3.92,616392,24032.87,4.86%
2006-05-26,3.31,3.56,0.25,7.55%,3.31,3.64,436869,15449.17,3.44%
2006-05-25,3.37,3.31,-0.09,-2.65%,3.21,3.37,165090,5421.73,1.30%
2006-05-24,3.42,3.40,-0.05,-1.45%,3.24,3.53,261582,8825.04,2.06%
2006-05-23,3.57,3.45,-0.12,-3.36%,3.39,3.59,411957,14302.84,3.25%
2006-05-22,3.40,3.57,0.20,5.93%,3.31,3.71,796391,28581.93,6.28%
2006-05-19,3.30,3.37,0.07,2.12%,3.25,3.45,376694,12568.62,2.97%
2006-05-18,3.18,3.30,0.04,1.23%,3.15,3.33,429156,14076.85,3.38%
2006-05-17,3.12,3.26,0.14,4.49%,3.12,3.29,608498,19616.85,4.80%
2006-05-15,3.00,3.12,0.11,3.65%,2.99,3.13,325216,10019.63,2.56%
2006-05-12,3.00,3.01,0.00,0.00%,2.94,3.02,162935,4876.20,1.28%
2006-05-11,3.10,3.01,-0.09,-2.90%,3.00,3.13,423849,12973.69,3.34%
2006-05-10,2.83,3.10,0.27,9.54%,2.80,3.11,390369,11466.51,3.08%
2006-05-09,2.80,2.83,0.03,1.07%,2.75,2.84,229516,6412.32,1.81%
2006-05-08,2.76,2.80,0.04,1.45%,2.71,2.80,264804,7256.50,2.09%
2006-04-28,2.70,2.76,0.04,1.47%,2.65,2.78,184600,5050.67,1.46%
2006-04-27,2.84,2.72,-0.12,-4.23%,2.69,2.84,338692,9296.81,2.67%
2006-04-26,2.87,2.84,-0.05,-1.73%,2.77,2.87,258177,7229.87,2.04%
2006-04-25,2.95,2.89,-0.07,-2.36%,2.75,2.95,277029,7839.21,2.18%
2006-04-24,3.07,2.96,-0.11,-3.58%,2.93,3.07,176416,5248.27,1.39%
2006-04-21,3.09,3.07,-0.02,-0.65%,3.00,3.11,314549,9560.29,2.48%
2006-04-20,3.20,3.09,-0.11,-3.44%,3.09,3.20,364126,11358.50,2.87%
2006-04-19,3.22,3.20,0.00,0.00%,3.15,3.27,235039,7508.31,1.85%
2006-04-18,3.16,3.20,0.03,0.95%,3.11,3.21,242352,7658.25,1.91%
2006-04-17,3.22,3.17,-0.05,-1.55%,3.13,3.25,191413,6055.20,1.51%
2006-04-14,3.08,3.22,0.16,5.23%,3.06,3.25,699997,22341.79,5.52%
2006-04-13,3.10,3.06,-0.04,-1.29%,3.04,3.15,760404,23635.88,5.99%
2006-04-12,3.12,3.10,-0.02,-0.64%,3.10,3.18,632722,19906.19,4.99%
2006-04-11,3.14,3.12,0.00,0.00%,3.08,3.16,362627,11319.88,2.86%
2006-04-10,3.08,3.12,0.03,0.97%,2.96,3.15,673981,20383.39,5.31%
2006-04-07,3.17,3.09,-0.06,-1.90%,3.09,3.23,1355050,43185.86,10.68%
2006-04-06,3.04,3.15,0.08,2.61%,3.02,3.19,618919,19411.50,4.88%
2006-04-05,3.00,3.07,-0.59,-16.12%,2.99,3.12,987961,30350.41,7.08%
2006-03-17,3.61,3.66,0.05,1.39%,3.57,3.67,586392,21264.24,7.71%
2006-03-16,3.62,3.61,-0.01,-0.28%,3.56,3.63,275301,9912.27,3.62%
2006-03-15,3.65,3.62,-0.10,-2.69%,3.61,3.68,352356,12857.90,4.63%
2006-03-14,3.62,3.72,0.08,2.20%,3.59,3.74,377232,13883.31,4.96%
2006-03-13,3.52,3.64,0.10,2.82%,3.51,3.66,93211,3365.20,1.22%
2006-03-10,3.44,3.54,0.09,2.61%,3.42,3.55,68760,2409.92,0.90%
2006-03-09,3.42,3.45,0.05,1.47%,3.36,3.45,67383,2299.14,0.89%
2006-03-08,3.50,3.40,-0.10,-2.86%,3.33,3.50,106353,3591.60,1.40%
2006-03-07,3.52,3.50,-0.06,-1.69%,3.46,3.57,59418,2079.43,0.78%
2006-03-06,3.57,3.56,-0.01,-0.28%,3.52,3.58,47753,1692.02,0.63%
2006-03-03,3.56,3.57,-0.01,-0.28%,3.51,3.58,114905,4081.66,1.51%
2006-03-02,3.65,3.58,-0.07,-1.92%,3.57,3.65,135131,4870.04,1.76%
2006-03-01,3.67,3.65,-0.02,-0.54%,3.64,3.67,80126,2930.99,1.04%
2006-02-28,3.64,3.67,0.03,0.82%,3.61,3.67,180329,6591.26,2.35%
2006-02-27,3.62,3.64,0.02,0.55%,3.57,3.65,172608,6249.98,2.25%
2006-02-24,3.57,3.62,0.04,1.12%,3.56,3.67,162688,5893.90,2.12%
2006-02-23,3.58,3.58,0.00,0.00%,3.55,3.60,51250,1833.67,0.67%
2006-02-22,3.60,3.58,0.01,0.28%,3.54,3.61,98523,3527.03,1.28%
2006-02-21,3.55,3.57,0.01,0.28%,3.50,3.58,70368,2494.16,0.92%
2006-02-20,3.53,3.56,0.01,0.28%,3.49,3.57,54044,1911.05,0.70%
2006-02-17,3.45,3.55,0.06,1.72%,3.44,3.58,125991,4421.62,1.64%
2006-02-16,3.59,3.49,-0.10,-2.79%,3.47,3.61,128478,4507.84,1.67%
2006-02-15,3.60,3.59,-0.04,-1.10%,3.58,3.71,123447,4478.03,1.61%
2006-02-14,3.68,3.63,-0.06,-1.63%,3.61,3.69,117243,4267.50,1.53%
2006-02-13,3.80,3.69,-0.14,-3.66%,3.68,3.81,127436,4745.22,1.66%
2006-02-10,3.84,3.83,0.00,0.00%,3.59,3.85,408294,15308.41,5.32%
2006-01-20,3.67,3.83,0.17,4.64%,3.62,3.84,334205,12476.09,4.35%
2006-01-19,3.58,3.66,0.08,2.23%,3.58,3.70,332569,12125.08,4.33%
2006-01-18,3.46,3.58,0.12,3.47%,3.46,3.61,294967,10532.90,3.84%
2006-01-17,3.31,3.46,0.13,3.90%,3.29,3.46,184321,6300.12,2.40%
2006-01-16,3.38,3.33,-0.07,-2.06%,3.28,3.39,97258,3223.44,1.27%
2006-01-13,3.39,3.40,0.01,0.29%,3.36,3.43,67446,2292.13,0.88%
2006-01-12,3.37,3.39,0.02,0.59%,3.33,3.41,82023,2768.41,1.07%
2006-01-11,3.24,3.37,0.15,4.66%,3.22,3.40,265885,8899.35,3.46%
2006-01-10,3.25,3.22,-0.02,-0.62%,3.20,3.26,40923,1317.43,0.53%
2006-01-09,3.26,3.24,-0.02,-0.61%,3.22,3.27,37314,1208.05,0.49%
2006-01-06,3.25,3.26,0.01,0.31%,3.24,3.32,67264,2210.97,0.88%
2006-01-05,3.18,3.25,0.08,2.52%,3.16,3.30,59919,1931.89,0.78%
2006-01-04,3.16,3.17,0.07,2.26%,3.13,3.21,29201,927.43,0.38%
2005-12-30,3.24,3.10,-0.14,-4.32%,3.10,3.25,53431,1708.29,0.70%
2005-12-29,3.23,3.24,0.01,0.31%,3.22,3.30,102795,3363.69,1.34%
2005-12-28,3.14,3.23,0.09,2.87%,3.14,3.23,67814,2169.80,0.89%
2005-12-27,3.18,3.14,-0.04,-1.26%,3.14,3.18,23744,749.50,0.31%
2005-12-26,3.17,3.18,0.01,0.32%,3.16,3.21,52929,1686.51,0.69%
2005-12-23,3.13,3.17,0.04,1.28%,3.12,3.18,46803,1478.77,0.61%
2005-12-22,3.13,3.13,-0.01,-0.32%,3.09,3.14,46685,1451.50,0.61%
2005-12-21,3.18,3.14,-0.05,-1.57%,3.12,3.20,67795,2141.20,0.89%
2005-12-20,3.13,3.19,0.04,1.27%,3.13,3.20,105815,3360.87,1.38%
2005-12-19,3.08,3.15,0.05,1.61%,3.06,3.23,193336,6134.10,2.53%
2005-12-16,2.95,3.10,0.13,4.38%,2.95,3.11,142827,4370.70,1.87%
2005-12-15,2.90,2.97,0.08,2.77%,2.88,3.00,95077,2800.38,1.24%
2005-12-14,2.87,2.89,0.02,0.70%,2.85,2.91,25015,720.89,0.33%
2005-12-13,2.88,2.87,-0.01,-0.35%,2.83,2.88,24824,707.98,0.32%
2005-12-12,2.92,2.88,-0.05,-1.71%,2.86,2.92,31750,914.90,0.42%
2005-12-09,2.90,2.93,0.04,1.38%,2.89,2.95,66728,1949.40,0.87%
2005-12-08,2.83,2.89,0.07,2.48%,2.83,2.93,102886,2972.12,1.34%
2005-12-07,2.77,2.82,0.05,1.81%,2.77,2.82,42113,1182.29,0.55%
2005-12-06,2.75,2.77,0.02,0.73%,2.72,2.78,18113,499.72,0.24%
2005-12-05,2.74,2.75,0.00,0.00%,2.72,2.76,20758,568.51,0.27%
2005-12-02,2.76,2.75,-0.01,-0.36%,2.74,2.78,14478,399.19,0.19%
2005-12-01,2.75,2.76,0.01,0.36%,2.75,2.77,7891,217.66,0.10%
2005-11-30,2.75,2.75,0.00,0.00%,2.73,2.76,15347,421.04,0.20%
2005-11-29,2.78,2.75,-0.03,-1.08%,2.75,2.78,15555,429.37,0.20%
2005-11-28,2.80,2.78,-0.02,-0.71%,2.77,2.82,16212,453.21,0.21%
2005-11-25,2.78,2.80,0.00,0.00%,2.78,2.81,12684,354.82,0.17%
2005-11-24,2.78,2.80,0.02,0.72%,2.76,2.85,36092,1017.78,0.47%
2005-11-23,2.73,2.78,0.03,1.09%,2.73,2.79,12090,334.12,0.16%
2005-11-22,2.77,2.75,-0.04,-1.43%,2.75,2.80,19907,551.99,0.26%
2005-11-21,2.81,2.79,-0.02,-0.71%,2.79,2.82,20186,564.93,0.26%
2005-11-18,2.75,2.81,0.06,2.18%,2.75,2.82,57465,1606.78,0.75%
2005-11-17,2.79,2.75,-0.04,-1.43%,2.75,2.80,21019,582.11,0.28%
2005-11-16,2.72,2.79,0.07,2.57%,2.68,2.81,45089,1242.34,0.59%
2005-11-15,2.72,2.72,-0.01,-0.37%,2.71,2.75,13109,356.80,0.17%
2005-11-14,2.74,2.73,-0.01,-0.36%,2.71,2.74,15236,414.05,0.20%
2005-11-11,2.72,2.74,0.01,0.37%,2.70,2.74,23050,627.41,0.30%
2005-11-10,2.81,2.73,-0.09,-3.19%,2.71,2.81,36929,1023.27,0.48%
2005-11-09,2.84,2.82,-0.02,-0.70%,2.81,2.85,13585,384.45,0.18%
2005-11-08,2.81,2.84,0.01,0.35%,2.80,2.85,21847,617.03,0.29%
2005-11-07,2.85,2.83,-0.02,-0.70%,2.80,2.85,18137,510.66,0.24%
2005-11-04,2.83,2.85,0.02,0.71%,2.82,2.86,11618,329.81,0.15%
2005-11-03,2.88,2.83,-0.04,-1.39%,2.82,2.89,20799,592.85,0.27%
2005-11-02,2.81,2.87,0.07,2.50%,2.81,2.88,36206,1034.30,0.47%
2005-11-01,2.85,2.80,-0.04,-1.41%,2.79,2.85,14424,404.74,0.19%
2005-10-31,2.82,2.84,0.02,0.71%,2.81,2.86,26826,761.74,0.35%
2005-10-28,2.80,2.82,0.02,0.71%,2.78,2.84,36599,1026.84,0.48%
2005-10-27,2.83,2.80,-0.03,-1.06%,2.78,2.84,31515,885.20,0.41%
2005-10-26,2.94,2.83,-0.12,-4.07%,2.82,2.94,40664,1168.78,0.53%
2005-10-25,3.02,2.95,-0.08,-2.64%,2.94,3.02,42313,1257.87,0.55%
2005-10-24,3.05,3.03,-0.02,-0.66%,3.02,3.05,20747,628.18,0.27%
2005-10-21,3.01,3.05,0.04,1.33%,3.01,3.06,24058,731.38,0.31%
2005-10-20,3.06,3.01,-0.06,-1.95%,3.00,3.07,54293,1646.20,0.71%
2005-10-19,3.12,3.07,-0.05,-1.60%,3.06,3.12,34522,1066.62,0.45%
2005-10-18,3.13,3.12,-0.01,-0.32%,3.10,3.14,40151,1251.76,0.52%
2005-10-17,3.15,3.13,-0.03,-0.95%,3.12,3.17,27992,879.23,0.37%
2005-10-14,3.19,3.16,-0.04,-1.25%,3.16,3.20,21548,685.54,0.28%
2005-10-13,3.20,3.20,0.00,0.00%,3.18,3.23,30209,967.86,0.40%
2005-10-12,3.19,3.20,0.01,0.31%,3.18,3.21,25585,816.52,0.33%
2005-10-11,3.18,3.19,0.01,0.31%,3.17,3.20,17772,565.22,0.23%
2005-10-10,3.20,3.18,-0.02,-0.63%,3.17,3.20,15418,491.06,0.20%
2005-09-30,3.19,3.20,0.01,0.31%,3.18,3.21,29393,939.14,0.38%
2005-09-29,3.19,3.19,0.01,0.31%,3.18,3.22,44314,1416.77,0.58%
2005-09-28,3.15,3.18,0.03,0.95%,3.15,3.21,37944,1207.59,0.49%
2005-09-27,3.17,3.15,-0.01,-0.32%,3.14,3.19,35989,1137.19,0.47%
2005-09-26,3.19,3.16,-0.03,-0.94%,3.16,3.22,42024,1338.32,0.55%
2005-09-23,3.24,3.19,-0.05,-1.54%,3.18,3.25,63720,2038.73,0.83%
2005-09-22,3.36,3.24,-0.10,-2.99%,3.19,3.37,124978,4087.81,1.63%
2005-09-21,3.36,3.34,-0.02,-0.60%,3.31,3.36,109525,3648.57,1.43%
2005-09-20,3.32,3.36,0.04,1.20%,3.30,3.36,119426,3981.62,1.56%
2005-09-19,3.32,3.32,0.00,0.00%,3.30,3.33,42292,1399.85,0.55%
2005-09-16,3.33,3.32,-0.01,-0.30%,3.30,3.34,36905,1223.14,0.48%
2005-09-15,3.33,3.33,0.00,0.00%,3.31,3.34,48625,1616.80,0.63%
2005-09-14,3.32,3.33,0.00,0.00%,3.31,3.34,59417,1973.45,0.77%
2005-09-13,3.29,3.33,0.04,1.22%,3.28,3.33,46869,1549.37,0.61%
2005-09-12,3.29,3.29,0.00,0.00%,3.27,3.30,22826,750.47,0.30%
2005-09-09,3.30,3.29,-0.01,-0.30%,3.27,3.31,35503,1166.57,0.46%
2005-09-08,3.32,3.30,-0.02,-0.60%,3.29,3.33,56184,1857.95,0.73%
2005-09-07,3.27,3.32,0.05,1.53%,3.26,3.32,49732,1636.82,0.65%
2005-09-06,3.35,3.27,-0.08,-2.39%,3.26,3.36,77697,2573.03,1.01%
2005-09-05,3.36,3.35,-0.01,-0.30%,3.33,3.36,40214,1343.72,0.52%
2005-09-02,3.39,3.36,-0.01,-0.30%,3.32,3.40,83025,2781.10,1.08%
2005-09-01,3.50,3.37,0.11,3.37%,3.33,3.50,150535,5080.57,1.96%
2005-08-31,3.21,3.26,0.04,1.24%,3.21,3.26,38351,1239.07,0.50%
2005-08-30,3.20,3.22,0.02,0.63%,3.17,3.28,44958,1448.27,0.58%
2005-08-29,3.24,3.20,-0.05,-1.54%,3.20,3.25,48272,1552.25,0.63%
2005-08-26,3.27,3.25,-0.01,-0.31%,3.23,3.27,45214,1465.74,0.59%
2005-08-25,3.30,3.26,-0.03,-0.91%,3.25,3.30,45172,1477.39,0.59%
2005-08-24,3.30,3.29,0.00,0.00%,3.27,3.32,47288,1559.11,0.62%
2005-08-23,3.30,3.29,0.02,0.61%,3.23,3.34,68549,2246.73,0.89%
2005-08-22,3.28,3.27,0.00,0.00%,3.26,3.30,44660,1466.07,0.58%
2005-08-19,3.28,3.27,-0.03,-0.91%,3.23,3.33,106457,3477.89,2.08%
2005-08-18,3.47,3.30,-0.17,-4.90%,3.29,3.49,152849,5173.12,2.98%
2005-08-17,3.43,3.47,0.04,1.17%,3.42,3.48,114179,3933.30,2.23%
2005-08-16,3.42,3.43,0.01,0.29%,3.40,3.50,111208,3835.53,2.17%
2005-08-15,3.39,3.42,0.03,0.88%,3.34,3.43,90150,3048.53,1.76%
2005-08-12,3.44,3.39,-0.04,-1.17%,3.37,3.47,100404,3440.30,1.96%
2005-08-11,5.24,5.29,0.05,0.95%,5.23,5.33,145130,7681.75,2.83%
2005-08-10,5.24,5.24,0.01,0.19%,5.18,5.25,74878,3903.05,1.46%
2005-08-09,5.23,5.23,0.02,0.38%,5.15,5.24,70076,3640.78,1.37%
2005-08-08,5.12,5.21,0.14,2.76%,5.10,5.23,136781,7089.28,2.67%
2005-08-05,4.99,5.07,0.08,1.60%,4.98,5.09,73816,3735.87,1.44%
2005-08-04,5.03,4.99,-0.05,-0.99%,4.96,5.04,43515,2173.75,0.85%
2005-08-03,5.06,5.04,-0.02,-0.40%,5.03,5.10,125072,6334.43,2.44%
2005-08-02,5.01,5.06,0.05,1.00%,5.01,5.08,46140,2326.76,0.90%
2005-08-01,4.98,5.01,0.03,0.60%,4.97,5.06,44718,2241.98,0.87%
2005-07-29,5.10,4.98,-0.09,-1.78%,4.95,5.18,81495,4096.78,1.59%
2005-07-27,4.99,5.07,0.09,1.81%,4.95,5.08,75457,3780.47,1.47%
2005-07-26,4.86,4.98,0.12,2.47%,4.86,4.99,80032,3956.63,1.56%
2005-07-25,4.86,4.86,0.00,0.00%,4.83,4.88,26503,1287.04,0.52%
2005-07-22,4.85,4.86,0.03,0.62%,4.79,4.90,53701,2605.73,1.05%
2005-07-21,4.79,4.83,0.06,1.26%,4.76,4.84,39027,1873.88,0.76%
2005-07-20,4.72,4.77,0.03,0.63%,4.70,4.80,16377,780.17,0.32%
2005-07-19,4.71,4.74,0.02,0.42%,4.67,4.76,26990,1274.41,0.53%
2005-07-18,4.74,4.72,-0.03,-0.63%,4.69,4.76,19689,927.35,0.38%
2005-07-15,4.84,4.75,-0.09,-1.86%,4.74,4.85,18865,902.86,0.37%
2005-07-14,4.80,4.84,0.02,0.41%,4.76,4.87,28560,1380.02,0.56%
2005-07-13,4.85,4.82,-0.02,-0.41%,4.77,4.88,28982,1395.71,0.57%
2005-07-12,4.75,4.84,0.10,2.11%,4.62,4.85,58574,2789.26,1.14%
2005-07-11,4.75,4.74,0.01,0.21%,4.70,4.83,36273,1724.46,0.71%
2005-07-08,4.78,4.73,-0.08,-1.66%,4.63,4.78,33311,1574.53,0.65%
2005-07-07,4.78,4.81,0.03,0.63%,4.76,4.83,19864,953.36,0.39%
2005-07-06,4.79,4.78,-0.01,-0.21%,4.75,4.84,21429,1025.91,0.42%
2005-07-05,4.80,4.79,-0.01,-0.21%,4.73,4.83,25164,1203.95,0.51%
2005-07-04,4.78,4.80,-0.01,-0.21%,4.70,4.81,31147,1480.15,0.63%
2005-07-01,4.86,4.81,-0.07,-1.43%,4.80,4.90,39077,1894.27,0.79%
2005-06-30,5.00,4.88,-0.14,-2.79%,4.85,5.02,77901,3830.27,1.58%
2005-06-29,5.10,5.02,-0.08,-1.57%,5.01,5.16,54191,2739.70,1.10%
2005-06-28,5.18,5.10,-0.12,-2.30%,5.09,5.18,57841,2962.07,1.17%
2005-06-27,5.18,5.22,0.06,1.16%,5.17,5.25,95030,4952.09,1.93%
2005-06-24,5.14,5.16,0.01,0.19%,5.10,5.19,43478,2234.10,0.88%
2005-06-23,5.27,5.15,-0.07,-1.34%,5.12,5.29,89705,4651.33,1.82%
2005-06-21,5.32,5.22,-0.08,-1.51%,5.19,5.35,127351,6689.28,2.58%
2005-06-20,5.30,5.30,-0.04,-0.75%,5.14,5.32,201346,10551.15,4.08%
2005-06-17,5.59,5.34,0.26,5.12%,5.33,5.59,371335,20246.49,0.08%
2005-06-16,4.98,5.08,0.11,2.21%,4.96,5.09,69246,3497.02,1.40%
2005-06-15,4.98,4.97,-0.01,-0.20%,4.90,5.04,57180,2837.34,1.16%
2005-06-14,5.03,4.98,-0.03,-0.60%,4.96,5.11,69513,3495.67,1.41%
2005-06-13,5.05,5.01,-0.01,-0.20%,4.89,5.12,97375,4897.87,1.97%
2005-06-10,4.94,5.02,0.09,1.83%,4.86,5.05,135206,6725.63,2.74%
2005-06-09,5.00,4.93,-0.07,-1.40%,4.85,5.02,145599,7188.76,2.95%
2005-06-08,4.68,5.00,0.34,7.30%,4.68,5.06,199394,9781.45,4.04%
2005-06-07,4.65,4.66,0.05,1.08%,4.65,4.75,57044,2686.79,1.16%
2005-06-06,4.54,4.61,0.06,1.32%,4.53,4.63,24185,1105.47,0.49%
2005-06-03,4.57,4.55,-0.03,-0.66%,4.54,4.59,18197,829.98,0.37%
2005-06-02,4.66,4.58,-0.09,-1.93%,4.55,4.66,25189,1154.83,0.51%
2005-06-01,4.66,4.67,0.01,0.21%,4.62,4.71,17244,804.20,0.35%
2005-05-31,4.64,4.66,0.03,0.65%,4.62,4.69,15012,699.60,0.30%
2005-05-30,4.55,4.63,0.06,1.31%,4.53,4.65,10221,469.89,0.21%
2005-05-27,4.62,4.57,-0.07,-1.51%,4.55,4.66,30981,1423.41,0.63%
2005-05-26,4.70,4.64,-0.07,-1.49%,4.64,4.73,17341,811.52,0.35%
2005-05-25,4.70,4.71,0.01,0.21%,4.67,4.77,16721,790.15,0.34%
2005-05-24,4.66,4.70,0.03,0.64%,4.60,4.73,26838,1255.37,0.54%
2005-05-23,4.73,4.67,-0.08,-1.68%,4.66,4.73,21465,1006.74,0.44%
2005-05-20,4.74,4.75,0.01,0.21%,4.72,4.82,34523,1649.03,0.70%
2005-05-19,4.75,4.74,-0.01,-0.21%,4.67,4.80,28781,1362.27,0.58%
2005-05-18,4.65,4.75,-0.01,-0.21%,4.65,4.75,61900,2912.56,1.26%
2005-05-17,4.51,4.76,0.26,5.78%,4.50,4.88,152696,7268.75,3.10%
2005-05-16,4.54,4.50,-0.04,-0.88%,4.49,4.54,13455,606.03,0.27%
2005-05-13,4.55,4.54,-0.01,-0.22%,4.51,4.58,13305,603.72,0.27%
2005-05-12,4.61,4.55,-0.06,-1.30%,4.54,4.61,19314,880.85,0.39%
2005-05-11,4.64,4.61,-0.02,-0.43%,4.60,4.67,13168,610.15,0.27%
2005-05-10,4.56,4.63,0.07,1.54%,4.53,4.64,15852,727.30,0.32%
2005-05-09,4.63,4.56,-0.07,-1.51%,4.54,4.68,15193,700.27,0.31%
2005-04-29,4.63,4.63,0.00,0.00%,4.61,4.68,18958,881.65,0.38%
2005-04-28,4.54,4.63,0.09,1.98%,4.51,4.66,22437,1032.99,0.46%
2005-04-27,4.54,4.54,0.00,0.00%,4.50,4.57,16403,744.37,0.33%
2005-04-26,4.58,4.54,-0.04,-0.87%,4.48,4.65,40649,1846.78,0.82%
2005-04-25,4.65,4.58,-0.10,-2.14%,4.55,4.65,28153,1293.14,0.57%
2005-04-22,4.69,4.68,-0.03,-0.64%,4.61,4.71,36238,1685.54,0.73%
2005-04-21,4.80,4.71,-0.10,-2.08%,4.69,4.80,37090,1755.93,0.75%
2005-04-20,4.80,4.81,-0.01,-0.21%,4.73,4.88,58717,2824.04,1.19%
2005-04-19,4.79,4.82,0.06,1.26%,4.77,4.88,86789,4190.53,1.76%
2005-04-18,4.72,4.76,0.06,1.28%,4.68,4.79,55774,2644.71,1.13%
2005-04-15,4.65,4.70,0.04,0.86%,4.59,4.74,36739,1714.10,0.74%
2005-04-14,4.76,4.66,-0.08,-1.69%,4.64,4.79,34396,1622.56,0.70%
2005-04-13,4.69,4.74,0.07,1.50%,4.68,4.76,55321,2617.21,1.12%
2005-04-12,4.64,4.67,0.03,0.65%,4.62,4.74,43393,2036.43,0.88%
2005-04-11,4.67,4.64,-0.03,-0.64%,4.62,4.69,26537,1236.75,0.54%
2005-04-08,4.63,4.67,0.04,0.86%,4.57,4.68,31448,1456.41,0.64%
2005-04-07,4.60,4.63,0.03,0.65%,4.55,4.70,41376,1922.50,0.84%
2005-04-06,4.61,4.60,-0.02,-0.43%,4.49,4.63,35135,1601.07,0.71%
2005-04-05,4.58,4.62,0.01,0.22%,4.57,4.68,26116,1208.80,0.53%
2005-04-04,4.68,4.61,-0.10,-2.12%,4.60,4.74,53779,2508.77,1.09%
2005-04-01,4.53,4.71,0.17,3.74%,4.52,4.80,85856,4025.39,1.74%
2005-03-31,4.56,4.54,-0.02,-0.44%,4.48,4.56,32169,1451.21,0.65%
2005-03-30,4.62,4.56,-0.06,-1.30%,4.55,4.63,30902,1414.45,0.63%
2005-03-29,4.61,4.62,0.01,0.22%,4.61,4.70,50079,2330.86,1.02%
2005-03-28,4.52,4.61,0.09,1.99%,4.52,4.62,59894,2741.45,1.21%
2005-03-25,4.39,4.52,0.13,2.96%,4.39,4.55,54588,2455.54,1.11%
2005-03-24,4.30,4.39,0.09,2.09%,4.27,4.40,13587,591.10,0.28%
2005-03-23,4.37,4.30,-0.07,-1.60%,4.29,4.37,27000,1166.55,0.55%
2005-03-22,4.45,4.37,-0.08,-1.80%,4.35,4.45,22531,988.96,0.46%
2005-03-21,4.45,4.45,0.00,0.00%,4.40,4.45,13599,602.43,0.28%
2005-03-18,4.50,4.45,-0.06,-1.33%,4.43,4.52,18778,839.19,0.38%
2005-03-17,4.59,4.51,-0.03,-0.66%,4.50,4.59,11948,542.09,0.24%
2005-03-16,4.49,4.54,0.04,0.89%,4.48,4.54,18330,826.33,0.37%
2005-03-15,4.54,4.50,-0.04,-0.88%,4.47,4.56,23511,1061.11,0.48%
2005-03-14,4.54,4.54,0.00,0.00%,4.51,4.56,19379,876.79,0.39%
2005-03-11,4.54,4.54,-0.01,-0.22%,4.52,4.58,16415,746.08,0.33%
2005-03-10,4.63,4.55,-0.09,-1.94%,4.54,4.65,22329,1021.60,0.45%
2005-03-09,4.64,4.64,-0.01,-0.22%,4.62,4.66,15385,713.46,0.31%
2005-03-08,4.60,4.65,0.06,1.31%,4.60,4.65,16162,748.00,0.33%
2005-03-07,4.58,4.59,0.02,0.44%,4.57,4.61,12517,574.48,0.25%
2005-03-04,4.63,4.57,-0.05,-1.08%,4.56,4.63,14562,667.01,0.30%
2005-03-03,4.59,4.62,0.02,0.43%,4.58,4.63,20880,960.05,0.42%
2005-03-02,4.71,4.60,-0.11,-2.34%,4.59,4.73,34363,1597.35,0.70%
2005-03-01,4.68,4.71,0.02,0.43%,4.68,4.75,16805,790.77,0.34%
2005-02-28,4.73,4.69,-0.04,-0.85%,4.67,4.74,21122,993.96,0.43%
2005-02-25,4.75,4.73,-0.02,-0.42%,4.72,4.79,38192,1816.01,0.77%
2005-02-24,4.75,4.75,0.00,0.00%,4.69,4.78,25145,1188.79,0.51%
2005-02-23,4.78,4.75,-0.04,-0.84%,4.73,4.78,32512,1545.43,0.66%
2005-02-22,4.74,4.79,0.05,1.05%,4.71,4.80,42982,2045.97,0.87%
2005-02-21,4.71,4.74,0.04,0.85%,4.70,4.76,20131,952.57,0.41%
2005-02-18,4.74,4.70,-0.03,-0.63%,4.69,4.74,21892,1031.78,0.44%
2005-02-17,4.72,4.73,0.01,0.21%,4.69,4.74,15149,713.69,0.31%
2005-02-16,4.75,4.72,0.02,0.43%,4.71,4.79,37170,1764.36,0.75%
2005-02-04,4.60,4.70,0.10,2.17%,4.59,4.74,32648,1524.47,0.66%
2005-02-03,4.69,4.60,-0.08,-1.71%,4.59,4.70,22989,1065.35,0.47%
2005-02-02,4.50,4.68,0.15,3.31%,4.50,4.68,36789,1701.63,0.75%
2005-02-01,4.50,4.53,0.03,0.67%,4.47,4.57,7924,357.98,0.16%
2005-01-31,4.55,4.50,-0.05,-1.10%,4.50,4.55,11321,511.27,0.23%
2005-01-28,4.57,4.55,-0.04,-0.87%,4.55,4.59,8733,398.27,0.18%
2005-01-27,4.62,4.59,-0.03,-0.65%,4.57,4.62,8829,405.42,0.18%
2005-01-26,4.65,4.62,-0.03,-0.65%,4.61,4.67,8837,409.75,0.18%
2005-01-25,4.66,4.65,-0.03,-0.64%,4.57,4.66,12827,591.56,0.26%
2005-01-24,4.80,4.68,0.05,1.08%,4.64,4.80,21895,1028.42,0.44%
2005-01-21,4.50,4.63,0.12,2.66%,4.50,4.68,15216,698.77,0.31%
2005-01-20,4.54,4.51,-0.04,-0.88%,4.50,4.54,7846,354.12,0.16%
2005-01-19,4.56,4.55,-0.01,-0.22%,4.52,4.56,3470,157.40,0.07%
2005-01-18,4.55,4.56,0.04,0.88%,4.51,4.60,8136,369.13,0.16%
2005-01-17,4.60,4.52,-0.10,-2.16%,4.50,4.62,12797,583.28,0.26%
2005-01-14,4.63,4.62,-0.04,-0.86%,4.61,4.68,6762,313.80,0.14%
2005-01-13,4.60,4.66,0.04,0.87%,4.56,4.70,18972,880.67,0.38%
2005-01-12,4.64,4.62,0.03,0.65%,4.57,4.65,5052,232.84,0.10%
2005-01-11,4.60,4.59,-0.02,-0.43%,4.57,4.64,7035,323.30,0.14%
2005-01-10,4.60,4.61,0.01,0.22%,4.58,4.62,4704,216.47,0.10%
2005-01-07,4.57,4.60,0.01,0.22%,4.54,4.60,6247,285.69,0.13%
2005-01-06,4.58,4.59,0.04,0.88%,4.55,4.63,11500,528.22,0.24%
2005-01-05,4.53,4.55,0.03,0.66%,4.50,4.59,7050,321.39,0.14%
2005-01-04,4.64,4.52,-0.08,-1.74%,4.52,4.64,9213,419.64,0.19%
2004-12-31,4.57,4.60,0.03,0.66%,4.55,4.64,8152,373.40,0.17%
2004-12-30,4.58,4.57,-0.02,-0.44%,4.55,4.60,14424,658.86,0.29%
2004-12-29,4.61,4.59,-0.02,-0.43%,4.58,4.65,10101,464.98,0.21%
2004-12-28,4.64,4.61,-0.04,-0.86%,4.60,4.66,14105,650.45,0.29%
2004-12-27,4.63,4.65,0.00,0.00%,4.61,4.70,7209,335.10,0.15%
2004-12-24,4.66,4.65,-0.02,-0.43%,4.61,4.67,9930,460.45,0.20%
2004-12-23,4.72,4.67,-0.05,-1.06%,4.66,4.73,15134,711.50,0.31%
2004-12-22,4.65,4.72,0.07,1.51%,4.64,4.74,14692,689.81,0.30%
2004-12-21,4.63,4.65,0.02,0.43%,4.61,4.66,9811,454.31,0.20%
2004-12-20,4.66,4.63,-0.04,-0.86%,4.63,4.69,10409,483.55,0.21%
2004-12-17,4.75,4.67,-0.04,-0.85%,4.65,4.75,11501,538.55,0.24%
2004-12-16,4.80,4.71,-0.10,-2.08%,4.71,4.80,16156,767.97,0.33%
2004-12-15,4.73,4.81,0.10,2.12%,4.69,4.84,31792,1517.44,0.65%
2004-12-14,4.73,4.71,-0.02,-0.42%,4.70,4.77,13081,619.79,0.27%
2004-12-13,4.68,4.73,0.05,1.07%,4.65,4.74,12125,568.19,0.25%
2004-12-10,4.76,4.68,-0.08,-1.68%,4.68,4.82,27125,1284.64,0.55%
2004-12-09,4.65,4.76,0.12,2.59%,4.61,4.94,92072,4435.36,1.88%
2004-12-08,4.66,4.64,-0.01,-0.22%,4.63,4.70,11283,526.91,0.23%
2004-12-07,4.66,4.65,0.02,0.43%,4.64,4.71,13483,630.27,0.28%
2004-12-06,4.63,4.63,0.01,0.22%,4.60,4.67,7783,359.99,0.16%
2004-12-03,4.67,4.62,-0.04,-0.86%,4.61,4.69,14790,686.31,0.30%
2004-12-02,4.73,4.66,-0.05,-1.06%,4.65,4.74,11332,529.84,0.23%
2004-12-01,4.66,4.71,0.05,1.07%,4.65,4.74,36944,1739.81,0.75%
2004-11-30,4.60,4.66,0.06,1.30%,4.59,4.67,24610,1143.65,0.50%
2004-11-29,4.58,4.60,0.00,0.00%,4.58,4.67,17290,799.68,0.35%
2004-11-26,4.57,4.60,0.03,0.66%,4.56,4.62,15097,694.60,0.31%
2004-11-25,4.60,4.57,-0.03,-0.65%,4.55,4.61,15821,723.97,0.32%
2004-11-24,4.63,4.60,-0.04,-0.86%,4.59,4.66,22734,1049.64,0.46%
2004-11-23,4.70,4.64,-0.05,-1.07%,4.62,4.70,18948,880.17,0.39%
2004-11-22,4.70,4.69,-0.01,-0.21%,4.66,4.72,23112,1081.41,0.47%
2004-11-19,4.67,4.70,0.02,0.43%,4.66,4.71,11122,520.54,0.23%
2004-11-18,4.67,4.68,0.01,0.21%,4.64,4.69,10475,488.76,0.21%
2004-11-17,4.75,4.67,-0.08,-1.68%,4.65,4.76,16570,775.15,0.34%
2004-11-16,4.73,4.75,0.03,0.64%,4.68,4.80,41091,1950.98,0.84%
2004-11-15,4.68,4.72,0.07,1.51%,4.66,4.72,14445,678.32,0.30%
2004-11-12,4.68,4.65,-0.01,-0.21%,4.63,4.70,20402,950.45,0.42%
2004-11-11,4.70,4.66,-0.04,-0.85%,4.63,4.78,54817,2577.96,1.12%
2004-11-10,4.56,4.70,0.15,3.30%,4.49,4.71,47673,2195.54,0.97%
2004-11-09,4.50,4.55,0.05,1.11%,4.50,4.56,15943,722.50,0.32%
2004-11-08,4.50,4.50,0.00,0.00%,4.49,4.55,19681,887.32,0.40%
2004-11-05,4.63,4.50,-0.12,-2.60%,4.50,4.65,45040,2049.92,0.92%
2004-11-04,4.66,4.62,-0.04,-0.86%,4.59,4.72,25309,1176.91,0.52%
2004-11-03,4.63,4.66,0.02,0.43%,4.60,4.68,24804,1150.58,0.51%
2004-11-02,4.68,4.64,-0.04,-0.85%,4.60,4.75,22463,1047.59,0.46%
2004-11-01,4.67,4.68,-0.01,-0.21%,4.65,4.72,10075,471.86,0.21%
2004-10-29,4.72,4.69,-0.12,-2.49%,4.64,4.73,26516,1246.89,0.54%
2004-10-28,4.80,4.81,0.01,0.21%,4.75,4.86,20044,961.90,0.41%
2004-10-27,4.76,4.80,0.03,0.63%,4.71,4.81,18004,856.55,0.37%
2004-10-26,4.83,4.77,-0.06,-1.24%,4.69,4.86,39806,1887.18,0.81%
2004-10-25,4.99,4.83,-0.07,-1.43%,4.82,4.99,23656,1151.86,0.48%
2004-10-22,5.15,5.20,0.07,1.36%,5.12,5.21,29702,1534.37,0.61%
2004-10-21,5.30,5.13,-0.16,-3.02%,5.12,5.33,45714,2385.67,0.93%
2004-10-20,5.34,5.29,-0.06,-1.12%,5.26,5.35,11383,602.06,0.23%
2004-10-19,5.31,5.35,0.04,0.75%,5.26,5.37,18977,1010.21,0.39%
2004-10-18,5.26,5.31,0.06,1.14%,5.18,5.32,18616,980.49,0.38%
2004-10-15,5.26,5.25,-0.01,-0.19%,5.19,5.30,25088,1313.21,0.51%
2004-10-14,5.47,5.26,-0.21,-3.84%,5.25,5.47,24285,1299.01,0.50%
2004-10-13,5.39,5.47,0.08,1.48%,5.39,5.50,20240,1103.23,0.41%
2004-10-12,5.43,5.39,-0.06,-1.10%,5.36,5.44,18553,999.95,0.38%
2004-10-11,5.50,5.45,-0.05,-0.91%,5.40,5.54,34163,1867.77,0.70%
2004-10-08,5.35,5.50,0.15,2.80%,5.31,5.52,25513,1376.98,0.52%
